P,urn:nasa:pds:dawn-grand-vesta:browse:gamma_ray_spectra_by_subphase::1.0
P,urn:nasa:pds:dawn-grand-vesta:browse:grd_fast_neutron_residual::1.0
P,urn:nasa:pds:dawn-grand-vesta:browse:grd_hegr_counts_map::1.0
P,urn:nasa:pds:dawn-grand-vesta:browse:grd_hydrogen_map::1.0
P,urn:nasa:pds:dawn-grand-vesta:browse:grd_iron_corrected_counts_map_browse::1.0
P,urn:nasa:pds:dawn-grand-vesta:browse:grd_iron_uncorrected_counts_map::1.0
P,urn:nasa:pds:dawn-grand-vesta:browse:grd_l1a_110503_110510_report::1.0
P,urn:nasa:pds:dawn-grand-vesta:browse:grd_l1a_110510_110517_report::1.0
P,urn:nasa:pds:dawn-grand-vesta:browse:grd_l1a_110517_110524_report::1.0
P,urn:nasa:pds:dawn-grand-vesta:browse:grd_l1a_110524_110531_report::1.0
P,urn:nasa:pds:dawn-grand-vesta:browse:grd_l1a_110531_110607_report::1.0
P,urn:nasa:pds:dawn-grand-vesta:browse:grd_l1a_110607_110614_report::1.0
P,urn:nasa:pds:dawn-grand-vesta:browse:grd_l1a_110614_110621_report::1.0
P,urn:nasa:pds:dawn-grand-vesta:browse:grd_l1a_110621_110627_report::1.0
P,urn:nasa:pds:dawn-grand-vesta:browse:grd_l1a_110630_110705_report::1.0
P,urn:nasa:pds:dawn-grand-vesta:browse:grd_l1a_110705_110712_report::1.0
P,urn:nasa:pds:dawn-grand-vesta:browse:grd_l1a_110712_110719_report::1.0
P,urn:nasa:pds:dawn-grand-vesta:browse:grd_l1a_110719_110726_report::1.0
P,urn:nasa:pds:dawn-grand-vesta:browse:grd_l1a_110726_110802_report::1.0
P,urn:nasa:pds:dawn-grand-vesta:browse:grd_l1a_110802_110809_report::1.0
P,urn:nasa:pds:dawn-grand-vesta:browse:grd_l1a_110809_110811_report::1.0
P,urn:nasa:pds:dawn-grand-vesta:browse:grd_l1a_110811_110818_report::1.0
P,urn:nasa:pds:dawn-grand-vesta:browse:grd_l1a_110818_110823_report::1.0
P,urn:nasa:pds:dawn-grand-vesta:browse:grd_l1a_110823_110901_report::1.0
P,urn:nasa:pds:dawn-grand-vesta:browse:grd_l1a_110901_110908_report::1.0
P,urn:nasa:pds:dawn-grand-vesta:browse:grd_l1a_110908_110915_report::1.0
P,urn:nasa:pds:dawn-grand-vesta:browse:grd_l1a_110915_110922_report::1.0
P,urn:nasa:pds:dawn-grand-vesta:browse:grd_l1a_110922_110928_report::1.0
P,urn:nasa:pds:dawn-grand-vesta:browse:grd_l1a_111004_111006_report::1.0
P,urn:nasa:pds:dawn-grand-vesta:browse:grd_l1a_111006_111011_report::1.0
P,urn:nasa:pds:dawn-grand-vesta:browse:grd_l1a_111011_111016_report::1.0
P,urn:nasa:pds:dawn-grand-vesta:browse:grd_l1a_111016_111021_report::1.0
P,urn:nasa:pds:dawn-grand-vesta:browse:grd_l1a_111021_111026_report::1.0
P,urn:nasa:pds:dawn-grand-vesta:browse:grd_l1a_111026_111103_report::1.0
P,urn:nasa:pds:dawn-grand-vesta:browse:grd_l1a_111103_111110_report::1.0
P,urn:nasa:pds:dawn-grand-vesta:browse:grd_l1a_111110_111117_report::1.0
P,urn:nasa:pds:dawn-grand-vesta:browse:grd_l1a_111117_111124_report::1.0
P,urn:nasa:pds:dawn-grand-vesta:browse:grd_l1a_111124_111201_report::1.0
P,urn:nasa:pds:dawn-grand-vesta:browse:grd_l1a_111201_111208_report::1.0
P,urn:nasa:pds:dawn-grand-vesta:browse:grd_l1a_111208_111215_report::1.0
P,urn:nasa:pds:dawn-grand-vesta:browse:grd_l1a_111215_111222_report::1.0
P,urn:nasa:pds:dawn-grand-vesta:browse:grd_l1a_111222_111229_report::1.0
P,urn:nasa:pds:dawn-grand-vesta:browse:grd_l1a_111229_120105_report::1.0
P,urn:nasa:pds:dawn-grand-vesta:browse:grd_l1a_120105_120112_report::1.0
P,urn:nasa:pds:dawn-grand-vesta:browse:grd_l1a_120112_120114_report::1.0
P,urn:nasa:pds:dawn-grand-vesta:browse:grd_l1a_120123_120126_report::1.0
P,urn:nasa:pds:dawn-grand-vesta:browse:grd_l1a_120126_120202_report::1.0
P,urn:nasa:pds:dawn-grand-vesta:browse:grd_l1a_120202_120209_report::1.0
P,urn:nasa:pds:dawn-grand-vesta:browse:grd_l1a_120209_120216_report::1.0
P,urn:nasa:pds:dawn-grand-vesta:browse:grd_l1a_120216_120224_report::1.0
P,urn:nasa:pds:dawn-grand-vesta:browse:grd_l1a_120225_120303_report::1.0
P,urn:nasa:pds:dawn-grand-vesta:browse:grd_l1a_120303_120310_report::1.0
P,urn:nasa:pds:dawn-grand-vesta:browse:grd_l1a_120310_120317_report::1.0
P,urn:nasa:pds:dawn-grand-vesta:browse:grd_l1a_120317_120324_report::1.0
P,urn:nasa:pds:dawn-grand-vesta:browse:grd_l1a_120324_120331_report::1.0
P,urn:nasa:pds:dawn-grand-vesta:browse:grd_l1a_120331_120407_report::1.0
P,urn:nasa:pds:dawn-grand-vesta:browse:grd_l1a_120407_120414_report::1.0
P,urn:nasa:pds:dawn-grand-vesta:browse:grd_l1a_120414_120421_report::1.0
P,urn:nasa:pds:dawn-grand-vesta:browse:grd_l1a_120421_120427_report::1.0
P,urn:nasa:pds:dawn-grand-vesta:browse:grd_l1a_120428_120505_report::1.0
P,urn:nasa:pds:dawn-grand-vesta:browse:grd_l1a_120505_120512_report::1.0
P,urn:nasa:pds:dawn-grand-vesta:browse:grd_l1a_120512_120519_report::1.0
P,urn:nasa:pds:dawn-grand-vesta:browse:grd_l1a_120519_120526_report::1.0
P,urn:nasa:pds:dawn-grand-vesta:browse:grd_l1a_120526_120602_report::1.0
P,urn:nasa:pds:dawn-grand-vesta:browse:grd_l1a_120602_120609_report::1.0
P,urn:nasa:pds:dawn-grand-vesta:browse:grd_l1a_120609_120616_report::1.0
P,urn:nasa:pds:dawn-grand-vesta:browse:grd_l1a_120615_120620_report::1.0
P,urn:nasa:pds:dawn-grand-vesta:browse:grd_l1a_120620_120624_report::1.0
P,urn:nasa:pds:dawn-grand-vesta:browse:grd_l1a_120624_120629_report::1.0
P,urn:nasa:pds:dawn-grand-vesta:browse:grd_l1a_120629_120703_report::1.0
P,urn:nasa:pds:dawn-grand-vesta:browse:grd_l1a_120703_120709_report::1.0
P,urn:nasa:pds:dawn-grand-vesta:browse:grd_l1a_120709_120714_report::1.0
P,urn:nasa:pds:dawn-grand-vesta:browse:grd_l1a_120714_120719_report::1.0
P,urn:nasa:pds:dawn-grand-vesta:browse:grd_l1a_120719_120725_report::1.0
P,urn:nasa:pds:dawn-grand-vesta:browse:grd_l1a_120725_120801_report::1.0
P,urn:nasa:pds:dawn-grand-vesta:browse:grd_l1a_120801_120808_report::1.0
P,urn:nasa:pds:dawn-grand-vesta:browse:grd_l1a_120808_120809_report::1.0
P,urn:nasa:pds:dawn-grand-vesta:browse:grd_neutron_absorption_map::1.0
P,urn:nasa:pds:dawn-grand-vesta:browse:vesta_encounter_timeline::1.0
P,urn:nasa:pds:dawn-grand-vesta:document:dawn_grand_vesta_encounter_timeline.pdf::1.0
P,urn:nasa:pds:dawn-grand-vesta:document:dawn_grand_vesta_gamma_ray_spectra_by_subphase.pdf::1.0