P,urn:nasa:pds:dawn-grand-vesta:data_raw:grd-l1a-110503-110510_130627-bgo2_my::1.0
P,urn:nasa:pds:dawn-grand-vesta:data_raw:grd-l1a-110503-110510_130627-bgo2_mz::1.0
P,urn:nasa:pds:dawn-grand-vesta:data_raw:grd-l1a-110503-110510_130627-bgo2_py::1.0
P,urn:nasa:pds:dawn-grand-vesta:data_raw:grd-l1a-110503-110510_130627-bgo2_pz::1.0
P,urn:nasa:pds:dawn-grand-vesta:data_raw:grd-l1a-110503-110510_130627-bgo::1.0
P,urn:nasa:pds:dawn-grand-vesta:data_raw:grd-l1a-110503-110510_130627-blp2_my::1.0
P,urn:nasa:pds:dawn-grand-vesta:data_raw:grd-l1a-110503-110510_130627-blp2_mz::1.0
P,urn:nasa:pds:dawn-grand-vesta:data_raw:grd-l1a-110503-110510_130627-blp2_py::1.0
P,urn:nasa:pds:dawn-grand-vesta:data_raw:grd-l1a-110503-110510_130627-blp2_pz::1.0
P,urn:nasa:pds:dawn-grand-vesta:data_raw:grd-l1a-110503-110510_130627-emg::1.0
P,urn:nasa:pds:dawn-grand-vesta:data_raw:grd-l1a-110503-110510_130627-emn::1.0
P,urn:nasa:pds:dawn-grand-vesta:data_raw:grd-l1a-110503-110510_130627-phos_mz::1.0
P,urn:nasa:pds:dawn-grand-vesta:data_raw:grd-l1a-110503-110510_130627-phos_pz::1.0
P,urn:nasa:pds:dawn-grand-vesta:data_raw:grd-l1a-110503-110510_130627-rdg::1.0
P,urn:nasa:pds:dawn-grand-vesta:data_raw:grd-l1a-110503-110510_130627-sci-scl::1.0
P,urn:nasa:pds:dawn-grand-vesta:data_raw:grd-l1a-110503-110510_130627-soh-scl::1.0
P,urn:nasa:pds:dawn-grand-vesta:data_raw:grd-l1a-110503-110510_130627-sta::1.0
P,urn:nasa:pds:dawn-grand-vesta:data_raw:grd-l1a-110510-110517_130627-bgo2_my::1.0
P,urn:nasa:pds:dawn-grand-vesta:data_raw:grd-l1a-110510-110517_130627-bgo2_mz::1.0
P,urn:nasa:pds:dawn-grand-vesta:data_raw:grd-l1a-110510-110517_130627-bgo2_py::1.0
P,urn:nasa:pds:dawn-grand-vesta:data_raw:grd-l1a-110510-110517_130627-bgo2_pz::1.0
P,urn:nasa:pds:dawn-grand-vesta:data_raw:grd-l1a-110510-110517_130627-bgo::1.0
P,urn:nasa:pds:dawn-grand-vesta:data_raw:grd-l1a-110510-110517_130627-blp2_my::1.0
P,urn:nasa:pds:dawn-grand-vesta:data_raw:grd-l1a-110510-110517_130627-blp2_mz::1.0
P,urn:nasa:pds:dawn-grand-vesta:data_raw:grd-l1a-110510-110517_130627-blp2_py::1.0
P,urn:nasa:pds:dawn-grand-vesta:data_raw:grd-l1a-110510-110517_130627-blp2_pz::1.0
P,urn:nasa:pds:dawn-grand-vesta:data_raw:grd-l1a-110510-110517_130627-emg::1.0
P,urn:nasa:pds:dawn-grand-vesta:data_raw:grd-l1a-110510-110517_130627-emn::1.0
P,urn:nasa:pds:dawn-grand-vesta:data_raw:grd-l1a-110510-110517_130627-phos_mz::1.0
P,urn:nasa:pds:dawn-grand-vesta:data_raw:grd-l1a-110510-110517_130627-phos_pz::1.0
P,urn:nasa:pds:dawn-grand-vesta:data_raw:grd-l1a-110510-110517_130627-rdg::1.0
P,urn:nasa:pds:dawn-grand-vesta:data_raw:grd-l1a-110510-110517_130627-sci-scl::1.0
P,urn:nasa:pds:dawn-grand-vesta:data_raw:grd-l1a-110510-110517_130627-soh-scl::1.0
P,urn:nasa:pds:dawn-grand-vesta:data_raw:grd-l1a-110510-110517_130627-sta::1.0
P,urn:nasa:pds:dawn-grand-vesta:data_raw:grd-l1a-110517-110524_130627-bgo2_my::1.0
P,urn:nasa:pds:dawn-grand-vesta:data_raw:grd-l1a-110517-110524_130627-bgo2_mz::1.0
P,urn:nasa:pds:dawn-grand-vesta:data_raw:grd-l1a-110517-110524_130627-bgo2_py::1.0
P,urn:nasa:pds:dawn-grand-vesta:data_raw:grd-l1a-110517-110524_130627-bgo2_pz::1.0
P,urn:nasa:pds:dawn-grand-vesta:data_raw:grd-l1a-110517-110524_130627-bgo::1.0
P,urn:nasa:pds:dawn-grand-vesta:data_raw:grd-l1a-110517-110524_130627-blp2_my::1.0
P,urn:nasa:pds:dawn-grand-vesta:data_raw:grd-l1a-110517-110524_130627-blp2_mz::1.0
P,urn:nasa:pds:dawn-grand-vesta:data_raw:grd-l1a-110517-110524_130627-blp2_py::1.0
P,urn:nasa:pds:dawn-grand-vesta:data_raw:grd-l1a-110517-110524_130627-blp2_pz::1.0
P,urn:nasa:pds:dawn-grand-vesta:data_raw:grd-l1a-110517-110524_130627-emg::1.0
P,urn:nasa:pds:dawn-grand-vesta:data_raw:grd-l1a-110517-110524_130627-emn::1.0
P,urn:nasa:pds:dawn-grand-vesta:data_raw:grd-l1a-110517-110524_130627-phos_mz::1.0
P,urn:nasa:pds:dawn-grand-vesta:data_raw:grd-l1a-110517-110524_130627-phos_pz::1.0
P,urn:nasa:pds:dawn-grand-vesta:data_raw:grd-l1a-110517-110524_130627-rdg::1.0
P,urn:nasa:pds:dawn-grand-vesta:data_raw:grd-l1a-110517-110524_130627-sci-scl::1.0
P,urn:nasa:pds:dawn-grand-vesta:data_raw:grd-l1a-110517-110524_130627-soh-scl::1.0
P,urn:nasa:pds:dawn-grand-vesta:data_raw:grd-l1a-110517-110524_130627-sta::1.0
P,urn:nasa:pds:dawn-grand-vesta:data_raw:grd-l1a-110524-110531_130627-bgo2_my::1.0
P,urn:nasa:pds:dawn-grand-vesta:data_raw:grd-l1a-110524-110531_130627-bgo2_mz::1.0
P,urn:nasa:pds:dawn-grand-vesta:data_raw:grd-l1a-110524-110531_130627-bgo2_py::1.0
P,urn:nasa:pds:dawn-grand-vesta:data_raw:grd-l1a-110524-110531_130627-bgo2_pz::1.0
P,urn:nasa:pds:dawn-grand-vesta:data_raw:grd-l1a-110524-110531_130627-bgo::1.0
P,urn:nasa:pds:dawn-grand-vesta:data_raw:grd-l1a-110524-110531_130627-blp2_my::1.0
P,urn:nasa:pds:dawn-grand-vesta:data_raw:grd-l1a-110524-110531_130627-blp2_mz::1.0
P,urn:nasa:pds:dawn-grand-vesta:data_raw:grd-l1a-110524-110531_130627-blp2_py::1.0
P,urn:nasa:pds:dawn-grand-vesta:data_raw:grd-l1a-110524-110531_130627-blp2_pz::1.0
P,urn:nasa:pds:dawn-grand-vesta:data_raw:grd-l1a-110524-110531_130627-emg::1.0
P,urn:nasa:pds:dawn-grand-vesta:data_raw:grd-l1a-110524-110531_130627-emn::1.0
P,urn:nasa:pds:dawn-grand-vesta:data_raw:grd-l1a-110524-110531_130627-phos_mz::1.0
P,urn:nasa:pds:dawn-grand-vesta:data_raw:grd-l1a-110524-110531_130627-phos_pz::1.0
P,urn:nasa:pds:dawn-grand-vesta:data_raw:grd-l1a-110524-110531_130627-rdg::1.0
P,urn:nasa:pds:dawn-grand-vesta:data_raw:grd-l1a-110524-110531_130627-sci-scl::1.0
P,urn:nasa:pds:dawn-grand-vesta:data_raw:grd-l1a-110524-110531_130627-soh-scl::1.0
P,urn:nasa:pds:dawn-grand-vesta:data_raw:grd-l1a-110524-110531_130627-sta::1.0
P,urn:nasa:pds:dawn-grand-vesta:data_raw:grd-l1a-110531-110607_130627-bgo2_my::1.0
P,urn:nasa:pds:dawn-grand-vesta:data_raw:grd-l1a-110531-110607_130627-bgo2_mz::1.0
P,urn:nasa:pds:dawn-grand-vesta:data_raw:grd-l1a-110531-110607_130627-bgo2_py::1.0
P,urn:nasa:pds:dawn-grand-vesta:data_raw:grd-l1a-110531-110607_130627-bgo2_pz::1.0
P,urn:nasa:pds:dawn-grand-vesta:data_raw:grd-l1a-110531-110607_130627-bgo::1.0
P,urn:nasa:pds:dawn-grand-vesta:data_raw:grd-l1a-110531-110607_130627-blp2_my::1.0
P,urn:nasa:pds:dawn-grand-vesta:data_raw:grd-l1a-110531-110607_130627-blp2_mz::1.0
P,urn:nasa:pds:dawn-grand-vesta:data_raw:grd-l1a-110531-110607_130627-blp2_py::1.0
P,urn:nasa:pds:dawn-grand-vesta:data_raw:grd-l1a-110531-110607_130627-blp2_pz::1.0
P,urn:nasa:pds:dawn-grand-vesta:data_raw:grd-l1a-110531-110607_130627-emg::1.0
P,urn:nasa:pds:dawn-grand-vesta:data_raw:grd-l1a-110531-110607_130627-emn::1.0
P,urn:nasa:pds:dawn-grand-vesta:data_raw:grd-l1a-110531-110607_130627-phos_mz::1.0
P,urn:nasa:pds:dawn-grand-vesta:data_raw:grd-l1a-110531-110607_130627-phos_pz::1.0
P,urn:nasa:pds:dawn-grand-vesta:data_raw:grd-l1a-110531-110607_130627-rdg::1.0
P,urn:nasa:pds:dawn-grand-vesta:data_raw:grd-l1a-110531-110607_130627-sci-scl::1.0
P,urn:nasa:pds:dawn-grand-vesta:data_raw:grd-l1a-110531-110607_130627-soh-scl::1.0
P,urn:nasa:pds:dawn-grand-vesta:data_raw:grd-l1a-110531-110607_130627-sta::1.0
P,urn:nasa:pds:dawn-grand-vesta:data_raw:grd-l1a-110607-110614_130627-bgo2_my::1.0
P,urn:nasa:pds:dawn-grand-vesta:data_raw:grd-l1a-110607-110614_130627-bgo2_mz::1.0
P,urn:nasa:pds:dawn-grand-vesta:data_raw:grd-l1a-110607-110614_130627-bgo2_py::1.0
P,urn:nasa:pds:dawn-grand-vesta:data_raw:grd-l1a-110607-110614_130627-bgo2_pz::1.0
P,urn:nasa:pds:dawn-grand-vesta:data_raw:grd-l1a-110607-110614_130627-bgo::1.0
P,urn:nasa:pds:dawn-grand-vesta:data_raw:grd-l1a-110607-110614_130627-blp2_my::1.0
P,urn:nasa:pds:dawn-grand-vesta:data_raw:grd-l1a-110607-110614_130627-blp2_mz::1.0
P,urn:nasa:pds:dawn-grand-vesta:data_raw:grd-l1a-110607-110614_130627-blp2_py::1.0
P,urn:nasa:pds:dawn-grand-vesta:data_raw:grd-l1a-110607-110614_130627-blp2_pz::1.0
P,urn:nasa:pds:dawn-grand-vesta:data_raw:grd-l1a-110607-110614_130627-emg::1.0
P,urn:nasa:pds:dawn-grand-vesta:data_raw:grd-l1a-110607-110614_130627-emn::1.0
P,urn:nasa:pds:dawn-grand-vesta:data_raw:grd-l1a-110607-110614_130627-phos_mz::1.0
P,urn:nasa:pds:dawn-grand-vesta:data_raw:grd-l1a-110607-110614_130627-phos_pz::1.0
P,urn:nasa:pds:dawn-grand-vesta:data_raw:grd-l1a-110607-110614_130627-rdg::1.0
P,urn:nasa:pds:dawn-grand-vesta:data_raw:grd-l1a-110607-110614_130627-sci-scl::1.0
P,urn:nasa:pds:dawn-grand-vesta:data_raw:grd-l1a-110607-110614_130627-soh-scl::1.0
P,urn:nasa:pds:dawn-grand-vesta:data_raw:grd-l1a-110607-110614_130627-sta::1.0
P,urn:nasa:pds:dawn-grand-vesta:data_raw:grd-l1a-110614-110621_130627-bgo2_my::1.0
P,urn:nasa:pds:dawn-grand-vesta:data_raw:grd-l1a-110614-110621_130627-bgo2_mz::1.0
P,urn:nasa:pds:dawn-grand-vesta:data_raw:grd-l1a-110614-110621_130627-bgo2_py::1.0
P,urn:nasa:pds:dawn-grand-vesta:data_raw:grd-l1a-110614-110621_130627-bgo2_pz::1.0
P,urn:nasa:pds:dawn-grand-vesta:data_raw:grd-l1a-110614-110621_130627-bgo::1.0
P,urn:nasa:pds:dawn-grand-vesta:data_raw:grd-l1a-110614-110621_130627-blp2_my::1.0
P,urn:nasa:pds:dawn-grand-vesta:data_raw:grd-l1a-110614-110621_130627-blp2_mz::1.0
P,urn:nasa:pds:dawn-grand-vesta:data_raw:grd-l1a-110614-110621_130627-blp2_py::1.0
P,urn:nasa:pds:dawn-grand-vesta:data_raw:grd-l1a-110614-110621_130627-blp2_pz::1.0
P,urn:nasa:pds:dawn-grand-vesta:data_raw:grd-l1a-110614-110621_130627-emg::1.0
P,urn:nasa:pds:dawn-grand-vesta:data_raw:grd-l1a-110614-110621_130627-emn::1.0
P,urn:nasa:pds:dawn-grand-vesta:data_raw:grd-l1a-110614-110621_130627-phos_mz::1.0
P,urn:nasa:pds:dawn-grand-vesta:data_raw:grd-l1a-110614-110621_130627-phos_pz::1.0
P,urn:nasa:pds:dawn-grand-vesta:data_raw:grd-l1a-110614-110621_130627-rdg::1.0
P,urn:nasa:pds:dawn-grand-vesta:data_raw:grd-l1a-110614-110621_130627-sci-scl::1.0
P,urn:nasa:pds:dawn-grand-vesta:data_raw:grd-l1a-110614-110621_130627-soh-scl::1.0
P,urn:nasa:pds:dawn-grand-vesta:data_raw:grd-l1a-110614-110621_130627-sta::1.0
P,urn:nasa:pds:dawn-grand-vesta:data_raw:grd-l1a-110621-110627_130627-bgo2_my::1.0
P,urn:nasa:pds:dawn-grand-vesta:data_raw:grd-l1a-110621-110627_130627-bgo2_mz::1.0
P,urn:nasa:pds:dawn-grand-vesta:data_raw:grd-l1a-110621-110627_130627-bgo2_py::1.0
P,urn:nasa:pds:dawn-grand-vesta:data_raw:grd-l1a-110621-110627_130627-bgo2_pz::1.0
P,urn:nasa:pds:dawn-grand-vesta:data_raw:grd-l1a-110621-110627_130627-bgo::1.0
P,urn:nasa:pds:dawn-grand-vesta:data_raw:grd-l1a-110621-110627_130627-blp2_my::1.0
P,urn:nasa:pds:dawn-grand-vesta:data_raw:grd-l1a-110621-110627_130627-blp2_mz::1.0
P,urn:nasa:pds:dawn-grand-vesta:data_raw:grd-l1a-110621-110627_130627-blp2_py::1.0
P,urn:nasa:pds:dawn-grand-vesta:data_raw:grd-l1a-110621-110627_130627-blp2_pz::1.0
P,urn:nasa:pds:dawn-grand-vesta:data_raw:grd-l1a-110621-110627_130627-emg::1.0
P,urn:nasa:pds:dawn-grand-vesta:data_raw:grd-l1a-110621-110627_130627-emn::1.0
P,urn:nasa:pds:dawn-grand-vesta:data_raw:grd-l1a-110621-110627_130627-phos_mz::1.0
P,urn:nasa:pds:dawn-grand-vesta:data_raw:grd-l1a-110621-110627_130627-phos_pz::1.0
P,urn:nasa:pds:dawn-grand-vesta:data_raw:grd-l1a-110621-110627_130627-rdg::1.0
P,urn:nasa:pds:dawn-grand-vesta:data_raw:grd-l1a-110621-110627_130627-sci-scl::1.0
P,urn:nasa:pds:dawn-grand-vesta:data_raw:grd-l1a-110621-110627_130627-soh-scl::1.0
P,urn:nasa:pds:dawn-grand-vesta:data_raw:grd-l1a-110621-110627_130627-sta::1.0
P,urn:nasa:pds:dawn-grand-vesta:data_raw:grd-l1a-110630-110705_130628-bgo2_my::1.0
P,urn:nasa:pds:dawn-grand-vesta:data_raw:grd-l1a-110630-110705_130628-bgo2_mz::1.0
P,urn:nasa:pds:dawn-grand-vesta:data_raw:grd-l1a-110630-110705_130628-bgo2_py::1.0
P,urn:nasa:pds:dawn-grand-vesta:data_raw:grd-l1a-110630-110705_130628-bgo2_pz::1.0
P,urn:nasa:pds:dawn-grand-vesta:data_raw:grd-l1a-110630-110705_130628-bgo::1.0
P,urn:nasa:pds:dawn-grand-vesta:data_raw:grd-l1a-110630-110705_130628-blp2_my::1.0
P,urn:nasa:pds:dawn-grand-vesta:data_raw:grd-l1a-110630-110705_130628-blp2_mz::1.0
P,urn:nasa:pds:dawn-grand-vesta:data_raw:grd-l1a-110630-110705_130628-blp2_py::1.0
P,urn:nasa:pds:dawn-grand-vesta:data_raw:grd-l1a-110630-110705_130628-blp2_pz::1.0
P,urn:nasa:pds:dawn-grand-vesta:data_raw:grd-l1a-110630-110705_130628-emg::1.0
P,urn:nasa:pds:dawn-grand-vesta:data_raw:grd-l1a-110630-110705_130628-emn::1.0
P,urn:nasa:pds:dawn-grand-vesta:data_raw:grd-l1a-110630-110705_130628-phos_mz::1.0
P,urn:nasa:pds:dawn-grand-vesta:data_raw:grd-l1a-110630-110705_130628-phos_pz::1.0
P,urn:nasa:pds:dawn-grand-vesta:data_raw:grd-l1a-110630-110705_130628-rdg::1.0
P,urn:nasa:pds:dawn-grand-vesta:data_raw:grd-l1a-110630-110705_130628-sci-scl::1.0
P,urn:nasa:pds:dawn-grand-vesta:data_raw:grd-l1a-110630-110705_130628-soh-scl::1.0
P,urn:nasa:pds:dawn-grand-vesta:data_raw:grd-l1a-110630-110705_130628-sta::1.0
P,urn:nasa:pds:dawn-grand-vesta:data_raw:grd-l1a-110705-110712_130628-bgo2_my::1.0
P,urn:nasa:pds:dawn-grand-vesta:data_raw:grd-l1a-110705-110712_130628-bgo2_mz::1.0
P,urn:nasa:pds:dawn-grand-vesta:data_raw:grd-l1a-110705-110712_130628-bgo2_py::1.0
P,urn:nasa:pds:dawn-grand-vesta:data_raw:grd-l1a-110705-110712_130628-bgo2_pz::1.0
P,urn:nasa:pds:dawn-grand-vesta:data_raw:grd-l1a-110705-110712_130628-bgo::1.0
P,urn:nasa:pds:dawn-grand-vesta:data_raw:grd-l1a-110705-110712_130628-blp2_my::1.0
P,urn:nasa:pds:dawn-grand-vesta:data_raw:grd-l1a-110705-110712_130628-blp2_mz::1.0
P,urn:nasa:pds:dawn-grand-vesta:data_raw:grd-l1a-110705-110712_130628-blp2_py::1.0
P,urn:nasa:pds:dawn-grand-vesta:data_raw:grd-l1a-110705-110712_130628-blp2_pz::1.0
P,urn:nasa:pds:dawn-grand-vesta:data_raw:grd-l1a-110705-110712_130628-emg::1.0
P,urn:nasa:pds:dawn-grand-vesta:data_raw:grd-l1a-110705-110712_130628-emn::1.0
P,urn:nasa:pds:dawn-grand-vesta:data_raw:grd-l1a-110705-110712_130628-phos_mz::1.0
P,urn:nasa:pds:dawn-grand-vesta:data_raw:grd-l1a-110705-110712_130628-phos_pz::1.0
P,urn:nasa:pds:dawn-grand-vesta:data_raw:grd-l1a-110705-110712_130628-rdg::1.0
P,urn:nasa:pds:dawn-grand-vesta:data_raw:grd-l1a-110705-110712_130628-sci-scl::1.0
P,urn:nasa:pds:dawn-grand-vesta:data_raw:grd-l1a-110705-110712_130628-soh-scl::1.0
P,urn:nasa:pds:dawn-grand-vesta:data_raw:grd-l1a-110705-110712_130628-sta::1.0
P,urn:nasa:pds:dawn-grand-vesta:data_raw:grd-l1a-110712-110719_130628-bgo2_my::1.0
P,urn:nasa:pds:dawn-grand-vesta:data_raw:grd-l1a-110712-110719_130628-bgo2_mz::1.0
P,urn:nasa:pds:dawn-grand-vesta:data_raw:grd-l1a-110712-110719_130628-bgo2_py::1.0
P,urn:nasa:pds:dawn-grand-vesta:data_raw:grd-l1a-110712-110719_130628-bgo2_pz::1.0
P,urn:nasa:pds:dawn-grand-vesta:data_raw:grd-l1a-110712-110719_130628-bgo::1.0
P,urn:nasa:pds:dawn-grand-vesta:data_raw:grd-l1a-110712-110719_130628-blp2_my::1.0
P,urn:nasa:pds:dawn-grand-vesta:data_raw:grd-l1a-110712-110719_130628-blp2_mz::1.0
P,urn:nasa:pds:dawn-grand-vesta:data_raw:grd-l1a-110712-110719_130628-blp2_py::1.0
P,urn:nasa:pds:dawn-grand-vesta:data_raw:grd-l1a-110712-110719_130628-blp2_pz::1.0
P,urn:nasa:pds:dawn-grand-vesta:data_raw:grd-l1a-110712-110719_130628-emg::1.0
P,urn:nasa:pds:dawn-grand-vesta:data_raw:grd-l1a-110712-110719_130628-emn::1.0
P,urn:nasa:pds:dawn-grand-vesta:data_raw:grd-l1a-110712-110719_130628-phos_mz::1.0
P,urn:nasa:pds:dawn-grand-vesta:data_raw:grd-l1a-110712-110719_130628-phos_pz::1.0
P,urn:nasa:pds:dawn-grand-vesta:data_raw:grd-l1a-110712-110719_130628-rdg::1.0
P,urn:nasa:pds:dawn-grand-vesta:data_raw:grd-l1a-110712-110719_130628-sci-scl::1.0
P,urn:nasa:pds:dawn-grand-vesta:data_raw:grd-l1a-110712-110719_130628-soh-scl::1.0
P,urn:nasa:pds:dawn-grand-vesta:data_raw:grd-l1a-110712-110719_130628-sta::1.0
P,urn:nasa:pds:dawn-grand-vesta:data_raw:grd-l1a-110719-110726_130628-bgo2_my::1.0
P,urn:nasa:pds:dawn-grand-vesta:data_raw:grd-l1a-110719-110726_130628-bgo2_mz::1.0
P,urn:nasa:pds:dawn-grand-vesta:data_raw:grd-l1a-110719-110726_130628-bgo2_py::1.0
P,urn:nasa:pds:dawn-grand-vesta:data_raw:grd-l1a-110719-110726_130628-bgo2_pz::1.0
P,urn:nasa:pds:dawn-grand-vesta:data_raw:grd-l1a-110719-110726_130628-bgo::1.0
P,urn:nasa:pds:dawn-grand-vesta:data_raw:grd-l1a-110719-110726_130628-blp2_my::1.0
P,urn:nasa:pds:dawn-grand-vesta:data_raw:grd-l1a-110719-110726_130628-blp2_mz::1.0
P,urn:nasa:pds:dawn-grand-vesta:data_raw:grd-l1a-110719-110726_130628-blp2_py::1.0
P,urn:nasa:pds:dawn-grand-vesta:data_raw:grd-l1a-110719-110726_130628-blp2_pz::1.0
P,urn:nasa:pds:dawn-grand-vesta:data_raw:grd-l1a-110719-110726_130628-emg::1.0
P,urn:nasa:pds:dawn-grand-vesta:data_raw:grd-l1a-110719-110726_130628-emn::1.0
P,urn:nasa:pds:dawn-grand-vesta:data_raw:grd-l1a-110719-110726_130628-phos_mz::1.0
P,urn:nasa:pds:dawn-grand-vesta:data_raw:grd-l1a-110719-110726_130628-phos_pz::1.0
P,urn:nasa:pds:dawn-grand-vesta:data_raw:grd-l1a-110719-110726_130628-rdg::1.0
P,urn:nasa:pds:dawn-grand-vesta:data_raw:grd-l1a-110719-110726_130628-sci-scl::1.0
P,urn:nasa:pds:dawn-grand-vesta:data_raw:grd-l1a-110719-110726_130628-soh-scl::1.0
P,urn:nasa:pds:dawn-grand-vesta:data_raw:grd-l1a-110719-110726_130628-sta::1.0
P,urn:nasa:pds:dawn-grand-vesta:data_raw:grd-l1a-110726-110802_130628-bgo2_my::1.0
P,urn:nasa:pds:dawn-grand-vesta:data_raw:grd-l1a-110726-110802_130628-bgo2_mz::1.0
P,urn:nasa:pds:dawn-grand-vesta:data_raw:grd-l1a-110726-110802_130628-bgo2_py::1.0
P,urn:nasa:pds:dawn-grand-vesta:data_raw:grd-l1a-110726-110802_130628-bgo2_pz::1.0
P,urn:nasa:pds:dawn-grand-vesta:data_raw:grd-l1a-110726-110802_130628-bgo::1.0
P,urn:nasa:pds:dawn-grand-vesta:data_raw:grd-l1a-110726-110802_130628-blp2_my::1.0
P,urn:nasa:pds:dawn-grand-vesta:data_raw:grd-l1a-110726-110802_130628-blp2_mz::1.0
P,urn:nasa:pds:dawn-grand-vesta:data_raw:grd-l1a-110726-110802_130628-blp2_py::1.0
P,urn:nasa:pds:dawn-grand-vesta:data_raw:grd-l1a-110726-110802_130628-blp2_pz::1.0
P,urn:nasa:pds:dawn-grand-vesta:data_raw:grd-l1a-110726-110802_130628-emg::1.0
P,urn:nasa:pds:dawn-grand-vesta:data_raw:grd-l1a-110726-110802_130628-emn::1.0
P,urn:nasa:pds:dawn-grand-vesta:data_raw:grd-l1a-110726-110802_130628-phos_mz::1.0
P,urn:nasa:pds:dawn-grand-vesta:data_raw:grd-l1a-110726-110802_130628-phos_pz::1.0
P,urn:nasa:pds:dawn-grand-vesta:data_raw:grd-l1a-110726-110802_130628-rdg::1.0
P,urn:nasa:pds:dawn-grand-vesta:data_raw:grd-l1a-110726-110802_130628-sci-scl::1.0
P,urn:nasa:pds:dawn-grand-vesta:data_raw:grd-l1a-110726-110802_130628-soh-scl::1.0
P,urn:nasa:pds:dawn-grand-vesta:data_raw:grd-l1a-110726-110802_130628-sta::1.0
P,urn:nasa:pds:dawn-grand-vesta:data_raw:grd-l1a-110802-110809_130628-bgo2_my::1.0
P,urn:nasa:pds:dawn-grand-vesta:data_raw:grd-l1a-110802-110809_130628-bgo2_mz::1.0
P,urn:nasa:pds:dawn-grand-vesta:data_raw:grd-l1a-110802-110809_130628-bgo2_py::1.0
P,urn:nasa:pds:dawn-grand-vesta:data_raw:grd-l1a-110802-110809_130628-bgo2_pz::1.0
P,urn:nasa:pds:dawn-grand-vesta:data_raw:grd-l1a-110802-110809_130628-bgo::1.0
P,urn:nasa:pds:dawn-grand-vesta:data_raw:grd-l1a-110802-110809_130628-blp2_my::1.0
P,urn:nasa:pds:dawn-grand-vesta:data_raw:grd-l1a-110802-110809_130628-blp2_mz::1.0
P,urn:nasa:pds:dawn-grand-vesta:data_raw:grd-l1a-110802-110809_130628-blp2_py::1.0
P,urn:nasa:pds:dawn-grand-vesta:data_raw:grd-l1a-110802-110809_130628-blp2_pz::1.0
P,urn:nasa:pds:dawn-grand-vesta:data_raw:grd-l1a-110802-110809_130628-emg::1.0
P,urn:nasa:pds:dawn-grand-vesta:data_raw:grd-l1a-110802-110809_130628-emn::1.0
P,urn:nasa:pds:dawn-grand-vesta:data_raw:grd-l1a-110802-110809_130628-phos_mz::1.0
P,urn:nasa:pds:dawn-grand-vesta:data_raw:grd-l1a-110802-110809_130628-phos_pz::1.0
P,urn:nasa:pds:dawn-grand-vesta:data_raw:grd-l1a-110802-110809_130628-rdg::1.0
P,urn:nasa:pds:dawn-grand-vesta:data_raw:grd-l1a-110802-110809_130628-sci-scl::1.0
P,urn:nasa:pds:dawn-grand-vesta:data_raw:grd-l1a-110802-110809_130628-soh-scl::1.0
P,urn:nasa:pds:dawn-grand-vesta:data_raw:grd-l1a-110802-110809_130628-sta::1.0
P,urn:nasa:pds:dawn-grand-vesta:data_raw:grd-l1a-110809-110811_130628-bgo2_my::1.0
P,urn:nasa:pds:dawn-grand-vesta:data_raw:grd-l1a-110809-110811_130628-bgo2_mz::1.0
P,urn:nasa:pds:dawn-grand-vesta:data_raw:grd-l1a-110809-110811_130628-bgo2_py::1.0
P,urn:nasa:pds:dawn-grand-vesta:data_raw:grd-l1a-110809-110811_130628-bgo2_pz::1.0
P,urn:nasa:pds:dawn-grand-vesta:data_raw:grd-l1a-110809-110811_130628-bgo::1.0
P,urn:nasa:pds:dawn-grand-vesta:data_raw:grd-l1a-110809-110811_130628-blp2_my::1.0
P,urn:nasa:pds:dawn-grand-vesta:data_raw:grd-l1a-110809-110811_130628-blp2_mz::1.0
P,urn:nasa:pds:dawn-grand-vesta:data_raw:grd-l1a-110809-110811_130628-blp2_py::1.0
P,urn:nasa:pds:dawn-grand-vesta:data_raw:grd-l1a-110809-110811_130628-blp2_pz::1.0
P,urn:nasa:pds:dawn-grand-vesta:data_raw:grd-l1a-110809-110811_130628-emg::1.0
P,urn:nasa:pds:dawn-grand-vesta:data_raw:grd-l1a-110809-110811_130628-emn::1.0
P,urn:nasa:pds:dawn-grand-vesta:data_raw:grd-l1a-110809-110811_130628-phos_mz::1.0
P,urn:nasa:pds:dawn-grand-vesta:data_raw:grd-l1a-110809-110811_130628-phos_pz::1.0
P,urn:nasa:pds:dawn-grand-vesta:data_raw:grd-l1a-110809-110811_130628-rdg::1.0
P,urn:nasa:pds:dawn-grand-vesta:data_raw:grd-l1a-110809-110811_130628-sci-scl::1.0
P,urn:nasa:pds:dawn-grand-vesta:data_raw:grd-l1a-110809-110811_130628-soh-scl::1.0
P,urn:nasa:pds:dawn-grand-vesta:data_raw:grd-l1a-110809-110811_130628-sta::1.0
P,urn:nasa:pds:dawn-grand-vesta:data_raw:grd-l1a-110811-110818_130628-bgo2_my::1.0
P,urn:nasa:pds:dawn-grand-vesta:data_raw:grd-l1a-110811-110818_130628-bgo2_mz::1.0
P,urn:nasa:pds:dawn-grand-vesta:data_raw:grd-l1a-110811-110818_130628-bgo2_py::1.0
P,urn:nasa:pds:dawn-grand-vesta:data_raw:grd-l1a-110811-110818_130628-bgo2_pz::1.0
P,urn:nasa:pds:dawn-grand-vesta:data_raw:grd-l1a-110811-110818_130628-bgo::1.0
P,urn:nasa:pds:dawn-grand-vesta:data_raw:grd-l1a-110811-110818_130628-blp2_my::1.0
P,urn:nasa:pds:dawn-grand-vesta:data_raw:grd-l1a-110811-110818_130628-blp2_mz::1.0
P,urn:nasa:pds:dawn-grand-vesta:data_raw:grd-l1a-110811-110818_130628-blp2_py::1.0
P,urn:nasa:pds:dawn-grand-vesta:data_raw:grd-l1a-110811-110818_130628-blp2_pz::1.0
P,urn:nasa:pds:dawn-grand-vesta:data_raw:grd-l1a-110811-110818_130628-emg::1.0
P,urn:nasa:pds:dawn-grand-vesta:data_raw:grd-l1a-110811-110818_130628-emn::1.0
P,urn:nasa:pds:dawn-grand-vesta:data_raw:grd-l1a-110811-110818_130628-phos_mz::1.0
P,urn:nasa:pds:dawn-grand-vesta:data_raw:grd-l1a-110811-110818_130628-phos_pz::1.0
P,urn:nasa:pds:dawn-grand-vesta:data_raw:grd-l1a-110811-110818_130628-rdg::1.0
P,urn:nasa:pds:dawn-grand-vesta:data_raw:grd-l1a-110811-110818_130628-sci-scl::1.0
P,urn:nasa:pds:dawn-grand-vesta:data_raw:grd-l1a-110811-110818_130628-soh-scl::1.0
P,urn:nasa:pds:dawn-grand-vesta:data_raw:grd-l1a-110811-110818_130628-sta::1.0
P,urn:nasa:pds:dawn-grand-vesta:data_raw:grd-l1a-110818-110823_130628-bgo2_my::1.0
P,urn:nasa:pds:dawn-grand-vesta:data_raw:grd-l1a-110818-110823_130628-bgo2_mz::1.0
P,urn:nasa:pds:dawn-grand-vesta:data_raw:grd-l1a-110818-110823_130628-bgo2_py::1.0
P,urn:nasa:pds:dawn-grand-vesta:data_raw:grd-l1a-110818-110823_130628-bgo2_pz::1.0
P,urn:nasa:pds:dawn-grand-vesta:data_raw:grd-l1a-110818-110823_130628-bgo::1.0
P,urn:nasa:pds:dawn-grand-vesta:data_raw:grd-l1a-110818-110823_130628-blp2_my::1.0
P,urn:nasa:pds:dawn-grand-vesta:data_raw:grd-l1a-110818-110823_130628-blp2_mz::1.0
P,urn:nasa:pds:dawn-grand-vesta:data_raw:grd-l1a-110818-110823_130628-blp2_py::1.0
P,urn:nasa:pds:dawn-grand-vesta:data_raw:grd-l1a-110818-110823_130628-blp2_pz::1.0
P,urn:nasa:pds:dawn-grand-vesta:data_raw:grd-l1a-110818-110823_130628-emg::1.0
P,urn:nasa:pds:dawn-grand-vesta:data_raw:grd-l1a-110818-110823_130628-emn::1.0
P,urn:nasa:pds:dawn-grand-vesta:data_raw:grd-l1a-110818-110823_130628-phos_mz::1.0
P,urn:nasa:pds:dawn-grand-vesta:data_raw:grd-l1a-110818-110823_130628-phos_pz::1.0
P,urn:nasa:pds:dawn-grand-vesta:data_raw:grd-l1a-110818-110823_130628-rdg::1.0
P,urn:nasa:pds:dawn-grand-vesta:data_raw:grd-l1a-110818-110823_130628-sci-scl::1.0
P,urn:nasa:pds:dawn-grand-vesta:data_raw:grd-l1a-110818-110823_130628-soh-scl::1.0
P,urn:nasa:pds:dawn-grand-vesta:data_raw:grd-l1a-110818-110823_130628-sta::1.0
P,urn:nasa:pds:dawn-grand-vesta:data_raw:grd-l1a-110823-110901_130628-bgo2_my::1.0
P,urn:nasa:pds:dawn-grand-vesta:data_raw:grd-l1a-110823-110901_130628-bgo2_mz::1.0
P,urn:nasa:pds:dawn-grand-vesta:data_raw:grd-l1a-110823-110901_130628-bgo2_py::1.0
P,urn:nasa:pds:dawn-grand-vesta:data_raw:grd-l1a-110823-110901_130628-bgo2_pz::1.0
P,urn:nasa:pds:dawn-grand-vesta:data_raw:grd-l1a-110823-110901_130628-bgo::1.0
P,urn:nasa:pds:dawn-grand-vesta:data_raw:grd-l1a-110823-110901_130628-blp2_my::1.0
P,urn:nasa:pds:dawn-grand-vesta:data_raw:grd-l1a-110823-110901_130628-blp2_mz::1.0
P,urn:nasa:pds:dawn-grand-vesta:data_raw:grd-l1a-110823-110901_130628-blp2_py::1.0
P,urn:nasa:pds:dawn-grand-vesta:data_raw:grd-l1a-110823-110901_130628-blp2_pz::1.0
P,urn:nasa:pds:dawn-grand-vesta:data_raw:grd-l1a-110823-110901_130628-emg::1.0
P,urn:nasa:pds:dawn-grand-vesta:data_raw:grd-l1a-110823-110901_130628-emn::1.0
P,urn:nasa:pds:dawn-grand-vesta:data_raw:grd-l1a-110823-110901_130628-phos_mz::1.0
P,urn:nasa:pds:dawn-grand-vesta:data_raw:grd-l1a-110823-110901_130628-phos_pz::1.0
P,urn:nasa:pds:dawn-grand-vesta:data_raw:grd-l1a-110823-110901_130628-rdg::1.0
P,urn:nasa:pds:dawn-grand-vesta:data_raw:grd-l1a-110823-110901_130628-sci-scl::1.0
P,urn:nasa:pds:dawn-grand-vesta:data_raw:grd-l1a-110823-110901_130628-soh-scl::1.0
P,urn:nasa:pds:dawn-grand-vesta:data_raw:grd-l1a-110823-110901_130628-sta::1.0
P,urn:nasa:pds:dawn-grand-vesta:data_raw:grd-l1a-110901-110908_130628-bgo2_my::1.0
P,urn:nasa:pds:dawn-grand-vesta:data_raw:grd-l1a-110901-110908_130628-bgo2_mz::1.0
P,urn:nasa:pds:dawn-grand-vesta:data_raw:grd-l1a-110901-110908_130628-bgo2_py::1.0
P,urn:nasa:pds:dawn-grand-vesta:data_raw:grd-l1a-110901-110908_130628-bgo2_pz::1.0
P,urn:nasa:pds:dawn-grand-vesta:data_raw:grd-l1a-110901-110908_130628-bgo::1.0
P,urn:nasa:pds:dawn-grand-vesta:data_raw:grd-l1a-110901-110908_130628-blp2_my::1.0
P,urn:nasa:pds:dawn-grand-vesta:data_raw:grd-l1a-110901-110908_130628-blp2_mz::1.0
P,urn:nasa:pds:dawn-grand-vesta:data_raw:grd-l1a-110901-110908_130628-blp2_py::1.0
P,urn:nasa:pds:dawn-grand-vesta:data_raw:grd-l1a-110901-110908_130628-blp2_pz::1.0
P,urn:nasa:pds:dawn-grand-vesta:data_raw:grd-l1a-110901-110908_130628-emg::1.0
P,urn:nasa:pds:dawn-grand-vesta:data_raw:grd-l1a-110901-110908_130628-emn::1.0
P,urn:nasa:pds:dawn-grand-vesta:data_raw:grd-l1a-110901-110908_130628-phos_mz::1.0
P,urn:nasa:pds:dawn-grand-vesta:data_raw:grd-l1a-110901-110908_130628-phos_pz::1.0
P,urn:nasa:pds:dawn-grand-vesta:data_raw:grd-l1a-110901-110908_130628-rdg::1.0
P,urn:nasa:pds:dawn-grand-vesta:data_raw:grd-l1a-110901-110908_130628-sci-scl::1.0
P,urn:nasa:pds:dawn-grand-vesta:data_raw:grd-l1a-110901-110908_130628-soh-scl::1.0
P,urn:nasa:pds:dawn-grand-vesta:data_raw:grd-l1a-110901-110908_130628-sta::1.0
P,urn:nasa:pds:dawn-grand-vesta:data_raw:grd-l1a-110908-110915_130628-bgo2_my::1.0
P,urn:nasa:pds:dawn-grand-vesta:data_raw:grd-l1a-110908-110915_130628-bgo2_mz::1.0
P,urn:nasa:pds:dawn-grand-vesta:data_raw:grd-l1a-110908-110915_130628-bgo2_py::1.0
P,urn:nasa:pds:dawn-grand-vesta:data_raw:grd-l1a-110908-110915_130628-bgo2_pz::1.0
P,urn:nasa:pds:dawn-grand-vesta:data_raw:grd-l1a-110908-110915_130628-bgo::1.0
P,urn:nasa:pds:dawn-grand-vesta:data_raw:grd-l1a-110908-110915_130628-blp2_my::1.0
P,urn:nasa:pds:dawn-grand-vesta:data_raw:grd-l1a-110908-110915_130628-blp2_mz::1.0
P,urn:nasa:pds:dawn-grand-vesta:data_raw:grd-l1a-110908-110915_130628-blp2_py::1.0
P,urn:nasa:pds:dawn-grand-vesta:data_raw:grd-l1a-110908-110915_130628-blp2_pz::1.0
P,urn:nasa:pds:dawn-grand-vesta:data_raw:grd-l1a-110908-110915_130628-emg::1.0
P,urn:nasa:pds:dawn-grand-vesta:data_raw:grd-l1a-110908-110915_130628-emn::1.0
P,urn:nasa:pds:dawn-grand-vesta:data_raw:grd-l1a-110908-110915_130628-phos_mz::1.0
P,urn:nasa:pds:dawn-grand-vesta:data_raw:grd-l1a-110908-110915_130628-phos_pz::1.0
P,urn:nasa:pds:dawn-grand-vesta:data_raw:grd-l1a-110908-110915_130628-rdg::1.0
P,urn:nasa:pds:dawn-grand-vesta:data_raw:grd-l1a-110908-110915_130628-sci-scl::1.0
P,urn:nasa:pds:dawn-grand-vesta:data_raw:grd-l1a-110908-110915_130628-soh-scl::1.0
P,urn:nasa:pds:dawn-grand-vesta:data_raw:grd-l1a-110908-110915_130628-sta::1.0
P,urn:nasa:pds:dawn-grand-vesta:data_raw:grd-l1a-110915-110922_130628-bgo2_my::1.0
P,urn:nasa:pds:dawn-grand-vesta:data_raw:grd-l1a-110915-110922_130628-bgo2_mz::1.0
P,urn:nasa:pds:dawn-grand-vesta:data_raw:grd-l1a-110915-110922_130628-bgo2_py::1.0
P,urn:nasa:pds:dawn-grand-vesta:data_raw:grd-l1a-110915-110922_130628-bgo2_pz::1.0
P,urn:nasa:pds:dawn-grand-vesta:data_raw:grd-l1a-110915-110922_130628-bgo::1.0
P,urn:nasa:pds:dawn-grand-vesta:data_raw:grd-l1a-110915-110922_130628-blp2_my::1.0
P,urn:nasa:pds:dawn-grand-vesta:data_raw:grd-l1a-110915-110922_130628-blp2_mz::1.0
P,urn:nasa:pds:dawn-grand-vesta:data_raw:grd-l1a-110915-110922_130628-blp2_py::1.0
P,urn:nasa:pds:dawn-grand-vesta:data_raw:grd-l1a-110915-110922_130628-blp2_pz::1.0
P,urn:nasa:pds:dawn-grand-vesta:data_raw:grd-l1a-110915-110922_130628-emg::1.0
P,urn:nasa:pds:dawn-grand-vesta:data_raw:grd-l1a-110915-110922_130628-emn::1.0
P,urn:nasa:pds:dawn-grand-vesta:data_raw:grd-l1a-110915-110922_130628-phos_mz::1.0
P,urn:nasa:pds:dawn-grand-vesta:data_raw:grd-l1a-110915-110922_130628-phos_pz::1.0
P,urn:nasa:pds:dawn-grand-vesta:data_raw:grd-l1a-110915-110922_130628-rdg::1.0
P,urn:nasa:pds:dawn-grand-vesta:data_raw:grd-l1a-110915-110922_130628-sci-scl::1.0
P,urn:nasa:pds:dawn-grand-vesta:data_raw:grd-l1a-110915-110922_130628-soh-scl::1.0
P,urn:nasa:pds:dawn-grand-vesta:data_raw:grd-l1a-110915-110922_130628-sta::1.0
P,urn:nasa:pds:dawn-grand-vesta:data_raw:grd-l1a-110922-110928_130628-bgo2_my::1.0
P,urn:nasa:pds:dawn-grand-vesta:data_raw:grd-l1a-110922-110928_130628-bgo2_mz::1.0
P,urn:nasa:pds:dawn-grand-vesta:data_raw:grd-l1a-110922-110928_130628-bgo2_py::1.0
P,urn:nasa:pds:dawn-grand-vesta:data_raw:grd-l1a-110922-110928_130628-bgo2_pz::1.0
P,urn:nasa:pds:dawn-grand-vesta:data_raw:grd-l1a-110922-110928_130628-bgo::1.0
P,urn:nasa:pds:dawn-grand-vesta:data_raw:grd-l1a-110922-110928_130628-blp2_my::1.0
P,urn:nasa:pds:dawn-grand-vesta:data_raw:grd-l1a-110922-110928_130628-blp2_mz::1.0
P,urn:nasa:pds:dawn-grand-vesta:data_raw:grd-l1a-110922-110928_130628-blp2_py::1.0
P,urn:nasa:pds:dawn-grand-vesta:data_raw:grd-l1a-110922-110928_130628-blp2_pz::1.0
P,urn:nasa:pds:dawn-grand-vesta:data_raw:grd-l1a-110922-110928_130628-emg::1.0
P,urn:nasa:pds:dawn-grand-vesta:data_raw:grd-l1a-110922-110928_130628-emn::1.0
P,urn:nasa:pds:dawn-grand-vesta:data_raw:grd-l1a-110922-110928_130628-phos_mz::1.0
P,urn:nasa:pds:dawn-grand-vesta:data_raw:grd-l1a-110922-110928_130628-phos_pz::1.0
P,urn:nasa:pds:dawn-grand-vesta:data_raw:grd-l1a-110922-110928_130628-rdg::1.0
P,urn:nasa:pds:dawn-grand-vesta:data_raw:grd-l1a-110922-110928_130628-sci-scl::1.0
P,urn:nasa:pds:dawn-grand-vesta:data_raw:grd-l1a-110922-110928_130628-soh-scl::1.0
P,urn:nasa:pds:dawn-grand-vesta:data_raw:grd-l1a-110922-110928_130628-sta::1.0
P,urn:nasa:pds:dawn-grand-vesta:data_raw:grd-l1a-111004-111006_130628-bgo2_my::1.0
P,urn:nasa:pds:dawn-grand-vesta:data_raw:grd-l1a-111004-111006_130628-bgo2_mz::1.0
P,urn:nasa:pds:dawn-grand-vesta:data_raw:grd-l1a-111004-111006_130628-bgo2_py::1.0
P,urn:nasa:pds:dawn-grand-vesta:data_raw:grd-l1a-111004-111006_130628-bgo2_pz::1.0
P,urn:nasa:pds:dawn-grand-vesta:data_raw:grd-l1a-111004-111006_130628-bgo::1.0
P,urn:nasa:pds:dawn-grand-vesta:data_raw:grd-l1a-111004-111006_130628-blp2_my::1.0
P,urn:nasa:pds:dawn-grand-vesta:data_raw:grd-l1a-111004-111006_130628-blp2_mz::1.0
P,urn:nasa:pds:dawn-grand-vesta:data_raw:grd-l1a-111004-111006_130628-blp2_py::1.0
P,urn:nasa:pds:dawn-grand-vesta:data_raw:grd-l1a-111004-111006_130628-blp2_pz::1.0
P,urn:nasa:pds:dawn-grand-vesta:data_raw:grd-l1a-111004-111006_130628-emg::1.0
P,urn:nasa:pds:dawn-grand-vesta:data_raw:grd-l1a-111004-111006_130628-emn::1.0
P,urn:nasa:pds:dawn-grand-vesta:data_raw:grd-l1a-111004-111006_130628-phos_mz::1.0
P,urn:nasa:pds:dawn-grand-vesta:data_raw:grd-l1a-111004-111006_130628-phos_pz::1.0
P,urn:nasa:pds:dawn-grand-vesta:data_raw:grd-l1a-111004-111006_130628-rdg::1.0
P,urn:nasa:pds:dawn-grand-vesta:data_raw:grd-l1a-111004-111006_130628-sci-scl::1.0
P,urn:nasa:pds:dawn-grand-vesta:data_raw:grd-l1a-111004-111006_130628-soh-scl::1.0
P,urn:nasa:pds:dawn-grand-vesta:data_raw:grd-l1a-111004-111006_130628-sta::1.0
P,urn:nasa:pds:dawn-grand-vesta:data_raw:grd-l1a-111006-111011_130628-bgo2_my::1.0
P,urn:nasa:pds:dawn-grand-vesta:data_raw:grd-l1a-111006-111011_130628-bgo2_mz::1.0
P,urn:nasa:pds:dawn-grand-vesta:data_raw:grd-l1a-111006-111011_130628-bgo2_py::1.0
P,urn:nasa:pds:dawn-grand-vesta:data_raw:grd-l1a-111006-111011_130628-bgo2_pz::1.0
P,urn:nasa:pds:dawn-grand-vesta:data_raw:grd-l1a-111006-111011_130628-bgo::1.0
P,urn:nasa:pds:dawn-grand-vesta:data_raw:grd-l1a-111006-111011_130628-blp2_my::1.0
P,urn:nasa:pds:dawn-grand-vesta:data_raw:grd-l1a-111006-111011_130628-blp2_mz::1.0
P,urn:nasa:pds:dawn-grand-vesta:data_raw:grd-l1a-111006-111011_130628-blp2_py::1.0
P,urn:nasa:pds:dawn-grand-vesta:data_raw:grd-l1a-111006-111011_130628-blp2_pz::1.0
P,urn:nasa:pds:dawn-grand-vesta:data_raw:grd-l1a-111006-111011_130628-emg::1.0
P,urn:nasa:pds:dawn-grand-vesta:data_raw:grd-l1a-111006-111011_130628-emn::1.0
P,urn:nasa:pds:dawn-grand-vesta:data_raw:grd-l1a-111006-111011_130628-phos_mz::1.0
P,urn:nasa:pds:dawn-grand-vesta:data_raw:grd-l1a-111006-111011_130628-phos_pz::1.0
P,urn:nasa:pds:dawn-grand-vesta:data_raw:grd-l1a-111006-111011_130628-rdg::1.0
P,urn:nasa:pds:dawn-grand-vesta:data_raw:grd-l1a-111006-111011_130628-sci-scl::1.0
P,urn:nasa:pds:dawn-grand-vesta:data_raw:grd-l1a-111006-111011_130628-soh-scl::1.0
P,urn:nasa:pds:dawn-grand-vesta:data_raw:grd-l1a-111006-111011_130628-sta::1.0
P,urn:nasa:pds:dawn-grand-vesta:data_raw:grd-l1a-111011-111016_130628-bgo2_my::1.0
P,urn:nasa:pds:dawn-grand-vesta:data_raw:grd-l1a-111011-111016_130628-bgo2_mz::1.0
P,urn:nasa:pds:dawn-grand-vesta:data_raw:grd-l1a-111011-111016_130628-bgo2_py::1.0
P,urn:nasa:pds:dawn-grand-vesta:data_raw:grd-l1a-111011-111016_130628-bgo2_pz::1.0
P,urn:nasa:pds:dawn-grand-vesta:data_raw:grd-l1a-111011-111016_130628-bgo::1.0
P,urn:nasa:pds:dawn-grand-vesta:data_raw:grd-l1a-111011-111016_130628-blp2_my::1.0
P,urn:nasa:pds:dawn-grand-vesta:data_raw:grd-l1a-111011-111016_130628-blp2_mz::1.0
P,urn:nasa:pds:dawn-grand-vesta:data_raw:grd-l1a-111011-111016_130628-blp2_py::1.0
P,urn:nasa:pds:dawn-grand-vesta:data_raw:grd-l1a-111011-111016_130628-blp2_pz::1.0
P,urn:nasa:pds:dawn-grand-vesta:data_raw:grd-l1a-111011-111016_130628-emg::1.0
P,urn:nasa:pds:dawn-grand-vesta:data_raw:grd-l1a-111011-111016_130628-emn::1.0
P,urn:nasa:pds:dawn-grand-vesta:data_raw:grd-l1a-111011-111016_130628-phos_mz::1.0
P,urn:nasa:pds:dawn-grand-vesta:data_raw:grd-l1a-111011-111016_130628-phos_pz::1.0
P,urn:nasa:pds:dawn-grand-vesta:data_raw:grd-l1a-111011-111016_130628-rdg::1.0
P,urn:nasa:pds:dawn-grand-vesta:data_raw:grd-l1a-111011-111016_130628-sci-scl::1.0
P,urn:nasa:pds:dawn-grand-vesta:data_raw:grd-l1a-111011-111016_130628-soh-scl::1.0
P,urn:nasa:pds:dawn-grand-vesta:data_raw:grd-l1a-111011-111016_130628-sta::1.0
P,urn:nasa:pds:dawn-grand-vesta:data_raw:grd-l1a-111016-111021_130628-bgo2_my::1.0
P,urn:nasa:pds:dawn-grand-vesta:data_raw:grd-l1a-111016-111021_130628-bgo2_mz::1.0
P,urn:nasa:pds:dawn-grand-vesta:data_raw:grd-l1a-111016-111021_130628-bgo2_py::1.0
P,urn:nasa:pds:dawn-grand-vesta:data_raw:grd-l1a-111016-111021_130628-bgo2_pz::1.0
P,urn:nasa:pds:dawn-grand-vesta:data_raw:grd-l1a-111016-111021_130628-bgo::1.0
P,urn:nasa:pds:dawn-grand-vesta:data_raw:grd-l1a-111016-111021_130628-blp2_my::1.0
P,urn:nasa:pds:dawn-grand-vesta:data_raw:grd-l1a-111016-111021_130628-blp2_mz::1.0
P,urn:nasa:pds:dawn-grand-vesta:data_raw:grd-l1a-111016-111021_130628-blp2_py::1.0
P,urn:nasa:pds:dawn-grand-vesta:data_raw:grd-l1a-111016-111021_130628-blp2_pz::1.0
P,urn:nasa:pds:dawn-grand-vesta:data_raw:grd-l1a-111016-111021_130628-emg::1.0
P,urn:nasa:pds:dawn-grand-vesta:data_raw:grd-l1a-111016-111021_130628-emn::1.0
P,urn:nasa:pds:dawn-grand-vesta:data_raw:grd-l1a-111016-111021_130628-phos_mz::1.0
P,urn:nasa:pds:dawn-grand-vesta:data_raw:grd-l1a-111016-111021_130628-phos_pz::1.0
P,urn:nasa:pds:dawn-grand-vesta:data_raw:grd-l1a-111016-111021_130628-rdg::1.0
P,urn:nasa:pds:dawn-grand-vesta:data_raw:grd-l1a-111016-111021_130628-sci-scl::1.0
P,urn:nasa:pds:dawn-grand-vesta:data_raw:grd-l1a-111016-111021_130628-soh-scl::1.0
P,urn:nasa:pds:dawn-grand-vesta:data_raw:grd-l1a-111016-111021_130628-sta::1.0
P,urn:nasa:pds:dawn-grand-vesta:data_raw:grd-l1a-111021-111026_130628-bgo2_my::1.0
P,urn:nasa:pds:dawn-grand-vesta:data_raw:grd-l1a-111021-111026_130628-bgo2_mz::1.0
P,urn:nasa:pds:dawn-grand-vesta:data_raw:grd-l1a-111021-111026_130628-bgo2_py::1.0
P,urn:nasa:pds:dawn-grand-vesta:data_raw:grd-l1a-111021-111026_130628-bgo2_pz::1.0
P,urn:nasa:pds:dawn-grand-vesta:data_raw:grd-l1a-111021-111026_130628-bgo::1.0
P,urn:nasa:pds:dawn-grand-vesta:data_raw:grd-l1a-111021-111026_130628-blp2_my::1.0
P,urn:nasa:pds:dawn-grand-vesta:data_raw:grd-l1a-111021-111026_130628-blp2_mz::1.0
P,urn:nasa:pds:dawn-grand-vesta:data_raw:grd-l1a-111021-111026_130628-blp2_py::1.0
P,urn:nasa:pds:dawn-grand-vesta:data_raw:grd-l1a-111021-111026_130628-blp2_pz::1.0
P,urn:nasa:pds:dawn-grand-vesta:data_raw:grd-l1a-111021-111026_130628-emg::1.0
P,urn:nasa:pds:dawn-grand-vesta:data_raw:grd-l1a-111021-111026_130628-emn::1.0
P,urn:nasa:pds:dawn-grand-vesta:data_raw:grd-l1a-111021-111026_130628-phos_mz::1.0
P,urn:nasa:pds:dawn-grand-vesta:data_raw:grd-l1a-111021-111026_130628-phos_pz::1.0
P,urn:nasa:pds:dawn-grand-vesta:data_raw:grd-l1a-111021-111026_130628-rdg::1.0
P,urn:nasa:pds:dawn-grand-vesta:data_raw:grd-l1a-111021-111026_130628-sci-scl::1.0
P,urn:nasa:pds:dawn-grand-vesta:data_raw:grd-l1a-111021-111026_130628-soh-scl::1.0
P,urn:nasa:pds:dawn-grand-vesta:data_raw:grd-l1a-111021-111026_130628-sta::1.0
P,urn:nasa:pds:dawn-grand-vesta:data_raw:grd-l1a-111026-111103_130628-bgo2_my::1.0
P,urn:nasa:pds:dawn-grand-vesta:data_raw:grd-l1a-111026-111103_130628-bgo2_mz::1.0
P,urn:nasa:pds:dawn-grand-vesta:data_raw:grd-l1a-111026-111103_130628-bgo2_py::1.0
P,urn:nasa:pds:dawn-grand-vesta:data_raw:grd-l1a-111026-111103_130628-bgo2_pz::1.0
P,urn:nasa:pds:dawn-grand-vesta:data_raw:grd-l1a-111026-111103_130628-bgo::1.0
P,urn:nasa:pds:dawn-grand-vesta:data_raw:grd-l1a-111026-111103_130628-blp2_my::1.0
P,urn:nasa:pds:dawn-grand-vesta:data_raw:grd-l1a-111026-111103_130628-blp2_mz::1.0
P,urn:nasa:pds:dawn-grand-vesta:data_raw:grd-l1a-111026-111103_130628-blp2_py::1.0
P,urn:nasa:pds:dawn-grand-vesta:data_raw:grd-l1a-111026-111103_130628-blp2_pz::1.0
P,urn:nasa:pds:dawn-grand-vesta:data_raw:grd-l1a-111026-111103_130628-emg::1.0
P,urn:nasa:pds:dawn-grand-vesta:data_raw:grd-l1a-111026-111103_130628-emn::1.0
P,urn:nasa:pds:dawn-grand-vesta:data_raw:grd-l1a-111026-111103_130628-phos_mz::1.0
P,urn:nasa:pds:dawn-grand-vesta:data_raw:grd-l1a-111026-111103_130628-phos_pz::1.0
P,urn:nasa:pds:dawn-grand-vesta:data_raw:grd-l1a-111026-111103_130628-rdg::1.0
P,urn:nasa:pds:dawn-grand-vesta:data_raw:grd-l1a-111026-111103_130628-sci-scl::1.0
P,urn:nasa:pds:dawn-grand-vesta:data_raw:grd-l1a-111026-111103_130628-soh-scl::1.0
P,urn:nasa:pds:dawn-grand-vesta:data_raw:grd-l1a-111026-111103_130628-sta::1.0
P,urn:nasa:pds:dawn-grand-vesta:data_raw:grd-l1a-111103-111110_130628-bgo2_my::1.0
P,urn:nasa:pds:dawn-grand-vesta:data_raw:grd-l1a-111103-111110_130628-bgo2_mz::1.0
P,urn:nasa:pds:dawn-grand-vesta:data_raw:grd-l1a-111103-111110_130628-bgo2_py::1.0
P,urn:nasa:pds:dawn-grand-vesta:data_raw:grd-l1a-111103-111110_130628-bgo2_pz::1.0
P,urn:nasa:pds:dawn-grand-vesta:data_raw:grd-l1a-111103-111110_130628-bgo::1.0
P,urn:nasa:pds:dawn-grand-vesta:data_raw:grd-l1a-111103-111110_130628-blp2_my::1.0
P,urn:nasa:pds:dawn-grand-vesta:data_raw:grd-l1a-111103-111110_130628-blp2_mz::1.0
P,urn:nasa:pds:dawn-grand-vesta:data_raw:grd-l1a-111103-111110_130628-blp2_py::1.0
P,urn:nasa:pds:dawn-grand-vesta:data_raw:grd-l1a-111103-111110_130628-blp2_pz::1.0
P,urn:nasa:pds:dawn-grand-vesta:data_raw:grd-l1a-111103-111110_130628-emg::1.0
P,urn:nasa:pds:dawn-grand-vesta:data_raw:grd-l1a-111103-111110_130628-emn::1.0
P,urn:nasa:pds:dawn-grand-vesta:data_raw:grd-l1a-111103-111110_130628-phos_mz::1.0
P,urn:nasa:pds:dawn-grand-vesta:data_raw:grd-l1a-111103-111110_130628-phos_pz::1.0
P,urn:nasa:pds:dawn-grand-vesta:data_raw:grd-l1a-111103-111110_130628-rdg::1.0
P,urn:nasa:pds:dawn-grand-vesta:data_raw:grd-l1a-111103-111110_130628-sci-scl::1.0
P,urn:nasa:pds:dawn-grand-vesta:data_raw:grd-l1a-111103-111110_130628-soh-scl::1.0
P,urn:nasa:pds:dawn-grand-vesta:data_raw:grd-l1a-111103-111110_130628-sta::1.0
P,urn:nasa:pds:dawn-grand-vesta:data_raw:grd-l1a-111110-111117_130628-bgo2_my::1.0
P,urn:nasa:pds:dawn-grand-vesta:data_raw:grd-l1a-111110-111117_130628-bgo2_mz::1.0
P,urn:nasa:pds:dawn-grand-vesta:data_raw:grd-l1a-111110-111117_130628-bgo2_py::1.0
P,urn:nasa:pds:dawn-grand-vesta:data_raw:grd-l1a-111110-111117_130628-bgo2_pz::1.0
P,urn:nasa:pds:dawn-grand-vesta:data_raw:grd-l1a-111110-111117_130628-bgo::1.0
P,urn:nasa:pds:dawn-grand-vesta:data_raw:grd-l1a-111110-111117_130628-blp2_my::1.0
P,urn:nasa:pds:dawn-grand-vesta:data_raw:grd-l1a-111110-111117_130628-blp2_mz::1.0
P,urn:nasa:pds:dawn-grand-vesta:data_raw:grd-l1a-111110-111117_130628-blp2_py::1.0
P,urn:nasa:pds:dawn-grand-vesta:data_raw:grd-l1a-111110-111117_130628-blp2_pz::1.0
P,urn:nasa:pds:dawn-grand-vesta:data_raw:grd-l1a-111110-111117_130628-emg::1.0
P,urn:nasa:pds:dawn-grand-vesta:data_raw:grd-l1a-111110-111117_130628-emn::1.0
P,urn:nasa:pds:dawn-grand-vesta:data_raw:grd-l1a-111110-111117_130628-phos_mz::1.0
P,urn:nasa:pds:dawn-grand-vesta:data_raw:grd-l1a-111110-111117_130628-phos_pz::1.0
P,urn:nasa:pds:dawn-grand-vesta:data_raw:grd-l1a-111110-111117_130628-rdg::1.0
P,urn:nasa:pds:dawn-grand-vesta:data_raw:grd-l1a-111110-111117_130628-sci-scl::1.0
P,urn:nasa:pds:dawn-grand-vesta:data_raw:grd-l1a-111110-111117_130628-soh-scl::1.0
P,urn:nasa:pds:dawn-grand-vesta:data_raw:grd-l1a-111110-111117_130628-sta::1.0
P,urn:nasa:pds:dawn-grand-vesta:data_raw:grd-l1a-111117-111124_130628-bgo2_my::1.0
P,urn:nasa:pds:dawn-grand-vesta:data_raw:grd-l1a-111117-111124_130628-bgo2_mz::1.0
P,urn:nasa:pds:dawn-grand-vesta:data_raw:grd-l1a-111117-111124_130628-bgo2_py::1.0
P,urn:nasa:pds:dawn-grand-vesta:data_raw:grd-l1a-111117-111124_130628-bgo2_pz::1.0
P,urn:nasa:pds:dawn-grand-vesta:data_raw:grd-l1a-111117-111124_130628-bgo::1.0
P,urn:nasa:pds:dawn-grand-vesta:data_raw:grd-l1a-111117-111124_130628-blp2_my::1.0
P,urn:nasa:pds:dawn-grand-vesta:data_raw:grd-l1a-111117-111124_130628-blp2_mz::1.0
P,urn:nasa:pds:dawn-grand-vesta:data_raw:grd-l1a-111117-111124_130628-blp2_py::1.0
P,urn:nasa:pds:dawn-grand-vesta:data_raw:grd-l1a-111117-111124_130628-blp2_pz::1.0
P,urn:nasa:pds:dawn-grand-vesta:data_raw:grd-l1a-111117-111124_130628-emg::1.0
P,urn:nasa:pds:dawn-grand-vesta:data_raw:grd-l1a-111117-111124_130628-emn::1.0
P,urn:nasa:pds:dawn-grand-vesta:data_raw:grd-l1a-111117-111124_130628-phos_mz::1.0
P,urn:nasa:pds:dawn-grand-vesta:data_raw:grd-l1a-111117-111124_130628-phos_pz::1.0
P,urn:nasa:pds:dawn-grand-vesta:data_raw:grd-l1a-111117-111124_130628-rdg::1.0
P,urn:nasa:pds:dawn-grand-vesta:data_raw:grd-l1a-111117-111124_130628-sci-scl::1.0
P,urn:nasa:pds:dawn-grand-vesta:data_raw:grd-l1a-111117-111124_130628-soh-scl::1.0
P,urn:nasa:pds:dawn-grand-vesta:data_raw:grd-l1a-111117-111124_130628-sta::1.0
P,urn:nasa:pds:dawn-grand-vesta:data_raw:grd-l1a-111124-111201_130628-bgo2_my::1.0
P,urn:nasa:pds:dawn-grand-vesta:data_raw:grd-l1a-111124-111201_130628-bgo2_mz::1.0
P,urn:nasa:pds:dawn-grand-vesta:data_raw:grd-l1a-111124-111201_130628-bgo2_py::1.0
P,urn:nasa:pds:dawn-grand-vesta:data_raw:grd-l1a-111124-111201_130628-bgo2_pz::1.0
P,urn:nasa:pds:dawn-grand-vesta:data_raw:grd-l1a-111124-111201_130628-bgo::1.0
P,urn:nasa:pds:dawn-grand-vesta:data_raw:grd-l1a-111124-111201_130628-blp2_my::1.0
P,urn:nasa:pds:dawn-grand-vesta:data_raw:grd-l1a-111124-111201_130628-blp2_mz::1.0
P,urn:nasa:pds:dawn-grand-vesta:data_raw:grd-l1a-111124-111201_130628-blp2_py::1.0
P,urn:nasa:pds:dawn-grand-vesta:data_raw:grd-l1a-111124-111201_130628-blp2_pz::1.0
P,urn:nasa:pds:dawn-grand-vesta:data_raw:grd-l1a-111124-111201_130628-emg::1.0
P,urn:nasa:pds:dawn-grand-vesta:data_raw:grd-l1a-111124-111201_130628-emn::1.0
P,urn:nasa:pds:dawn-grand-vesta:data_raw:grd-l1a-111124-111201_130628-phos_mz::1.0
P,urn:nasa:pds:dawn-grand-vesta:data_raw:grd-l1a-111124-111201_130628-phos_pz::1.0
P,urn:nasa:pds:dawn-grand-vesta:data_raw:grd-l1a-111124-111201_130628-rdg::1.0
P,urn:nasa:pds:dawn-grand-vesta:data_raw:grd-l1a-111124-111201_130628-sci-scl::1.0
P,urn:nasa:pds:dawn-grand-vesta:data_raw:grd-l1a-111124-111201_130628-soh-scl::1.0
P,urn:nasa:pds:dawn-grand-vesta:data_raw:grd-l1a-111124-111201_130628-sta::1.0
P,urn:nasa:pds:dawn-grand-vesta:data_raw:grd-l1a-111201-111208_130628-bgo2_my::1.0
P,urn:nasa:pds:dawn-grand-vesta:data_raw:grd-l1a-111201-111208_130628-bgo2_mz::1.0
P,urn:nasa:pds:dawn-grand-vesta:data_raw:grd-l1a-111201-111208_130628-bgo2_py::1.0
P,urn:nasa:pds:dawn-grand-vesta:data_raw:grd-l1a-111201-111208_130628-bgo2_pz::1.0
P,urn:nasa:pds:dawn-grand-vesta:data_raw:grd-l1a-111201-111208_130628-bgo::1.0
P,urn:nasa:pds:dawn-grand-vesta:data_raw:grd-l1a-111201-111208_130628-blp2_my::1.0
P,urn:nasa:pds:dawn-grand-vesta:data_raw:grd-l1a-111201-111208_130628-blp2_mz::1.0
P,urn:nasa:pds:dawn-grand-vesta:data_raw:grd-l1a-111201-111208_130628-blp2_py::1.0
P,urn:nasa:pds:dawn-grand-vesta:data_raw:grd-l1a-111201-111208_130628-blp2_pz::1.0
P,urn:nasa:pds:dawn-grand-vesta:data_raw:grd-l1a-111201-111208_130628-emg::1.0
P,urn:nasa:pds:dawn-grand-vesta:data_raw:grd-l1a-111201-111208_130628-emn::1.0
P,urn:nasa:pds:dawn-grand-vesta:data_raw:grd-l1a-111201-111208_130628-phos_mz::1.0
P,urn:nasa:pds:dawn-grand-vesta:data_raw:grd-l1a-111201-111208_130628-phos_pz::1.0
P,urn:nasa:pds:dawn-grand-vesta:data_raw:grd-l1a-111201-111208_130628-rdg::1.0
P,urn:nasa:pds:dawn-grand-vesta:data_raw:grd-l1a-111201-111208_130628-sci-scl::1.0
P,urn:nasa:pds:dawn-grand-vesta:data_raw:grd-l1a-111201-111208_130628-soh-scl::1.0
P,urn:nasa:pds:dawn-grand-vesta:data_raw:grd-l1a-111201-111208_130628-sta::1.0
P,urn:nasa:pds:dawn-grand-vesta:data_raw:grd-l1a-111208-111215_130628-bgo2_my::1.0
P,urn:nasa:pds:dawn-grand-vesta:data_raw:grd-l1a-111208-111215_130628-bgo2_mz::1.0
P,urn:nasa:pds:dawn-grand-vesta:data_raw:grd-l1a-111208-111215_130628-bgo2_py::1.0
P,urn:nasa:pds:dawn-grand-vesta:data_raw:grd-l1a-111208-111215_130628-bgo2_pz::1.0
P,urn:nasa:pds:dawn-grand-vesta:data_raw:grd-l1a-111208-111215_130628-bgo::1.0
P,urn:nasa:pds:dawn-grand-vesta:data_raw:grd-l1a-111208-111215_130628-blp2_my::1.0
P,urn:nasa:pds:dawn-grand-vesta:data_raw:grd-l1a-111208-111215_130628-blp2_mz::1.0
P,urn:nasa:pds:dawn-grand-vesta:data_raw:grd-l1a-111208-111215_130628-blp2_py::1.0
P,urn:nasa:pds:dawn-grand-vesta:data_raw:grd-l1a-111208-111215_130628-blp2_pz::1.0
P,urn:nasa:pds:dawn-grand-vesta:data_raw:grd-l1a-111208-111215_130628-emg::1.0
P,urn:nasa:pds:dawn-grand-vesta:data_raw:grd-l1a-111208-111215_130628-emn::1.0
P,urn:nasa:pds:dawn-grand-vesta:data_raw:grd-l1a-111208-111215_130628-phos_mz::1.0
P,urn:nasa:pds:dawn-grand-vesta:data_raw:grd-l1a-111208-111215_130628-phos_pz::1.0
P,urn:nasa:pds:dawn-grand-vesta:data_raw:grd-l1a-111208-111215_130628-rdg::1.0
P,urn:nasa:pds:dawn-grand-vesta:data_raw:grd-l1a-111208-111215_130628-sci-scl::1.0
P,urn:nasa:pds:dawn-grand-vesta:data_raw:grd-l1a-111208-111215_130628-soh-scl::1.0
P,urn:nasa:pds:dawn-grand-vesta:data_raw:grd-l1a-111208-111215_130628-sta::1.0
P,urn:nasa:pds:dawn-grand-vesta:data_raw:grd-l1a-111215-111222_130628-bgo2_my::1.0
P,urn:nasa:pds:dawn-grand-vesta:data_raw:grd-l1a-111215-111222_130628-bgo2_mz::1.0
P,urn:nasa:pds:dawn-grand-vesta:data_raw:grd-l1a-111215-111222_130628-bgo2_py::1.0
P,urn:nasa:pds:dawn-grand-vesta:data_raw:grd-l1a-111215-111222_130628-bgo2_pz::1.0
P,urn:nasa:pds:dawn-grand-vesta:data_raw:grd-l1a-111215-111222_130628-bgo::1.0
P,urn:nasa:pds:dawn-grand-vesta:data_raw:grd-l1a-111215-111222_130628-blp2_my::1.0
P,urn:nasa:pds:dawn-grand-vesta:data_raw:grd-l1a-111215-111222_130628-blp2_mz::1.0
P,urn:nasa:pds:dawn-grand-vesta:data_raw:grd-l1a-111215-111222_130628-blp2_py::1.0
P,urn:nasa:pds:dawn-grand-vesta:data_raw:grd-l1a-111215-111222_130628-blp2_pz::1.0
P,urn:nasa:pds:dawn-grand-vesta:data_raw:grd-l1a-111215-111222_130628-emg::1.0
P,urn:nasa:pds:dawn-grand-vesta:data_raw:grd-l1a-111215-111222_130628-emn::1.0
P,urn:nasa:pds:dawn-grand-vesta:data_raw:grd-l1a-111215-111222_130628-phos_mz::1.0
P,urn:nasa:pds:dawn-grand-vesta:data_raw:grd-l1a-111215-111222_130628-phos_pz::1.0
P,urn:nasa:pds:dawn-grand-vesta:data_raw:grd-l1a-111215-111222_130628-rdg::1.0
P,urn:nasa:pds:dawn-grand-vesta:data_raw:grd-l1a-111215-111222_130628-sci-scl::1.0
P,urn:nasa:pds:dawn-grand-vesta:data_raw:grd-l1a-111215-111222_130628-soh-scl::1.0
P,urn:nasa:pds:dawn-grand-vesta:data_raw:grd-l1a-111215-111222_130628-sta::1.0
P,urn:nasa:pds:dawn-grand-vesta:data_raw:grd-l1a-111222-111229_130628-bgo2_my::1.0
P,urn:nasa:pds:dawn-grand-vesta:data_raw:grd-l1a-111222-111229_130628-bgo2_mz::1.0
P,urn:nasa:pds:dawn-grand-vesta:data_raw:grd-l1a-111222-111229_130628-bgo2_py::1.0
P,urn:nasa:pds:dawn-grand-vesta:data_raw:grd-l1a-111222-111229_130628-bgo2_pz::1.0
P,urn:nasa:pds:dawn-grand-vesta:data_raw:grd-l1a-111222-111229_130628-bgo::1.0
P,urn:nasa:pds:dawn-grand-vesta:data_raw:grd-l1a-111222-111229_130628-blp2_my::1.0
P,urn:nasa:pds:dawn-grand-vesta:data_raw:grd-l1a-111222-111229_130628-blp2_mz::1.0
P,urn:nasa:pds:dawn-grand-vesta:data_raw:grd-l1a-111222-111229_130628-blp2_py::1.0
P,urn:nasa:pds:dawn-grand-vesta:data_raw:grd-l1a-111222-111229_130628-blp2_pz::1.0
P,urn:nasa:pds:dawn-grand-vesta:data_raw:grd-l1a-111222-111229_130628-emg::1.0
P,urn:nasa:pds:dawn-grand-vesta:data_raw:grd-l1a-111222-111229_130628-emn::1.0
P,urn:nasa:pds:dawn-grand-vesta:data_raw:grd-l1a-111222-111229_130628-phos_mz::1.0
P,urn:nasa:pds:dawn-grand-vesta:data_raw:grd-l1a-111222-111229_130628-phos_pz::1.0
P,urn:nasa:pds:dawn-grand-vesta:data_raw:grd-l1a-111222-111229_130628-rdg::1.0
P,urn:nasa:pds:dawn-grand-vesta:data_raw:grd-l1a-111222-111229_130628-sci-scl::1.0
P,urn:nasa:pds:dawn-grand-vesta:data_raw:grd-l1a-111222-111229_130628-soh-scl::1.0
P,urn:nasa:pds:dawn-grand-vesta:data_raw:grd-l1a-111222-111229_130628-sta::1.0
P,urn:nasa:pds:dawn-grand-vesta:data_raw:grd-l1a-111229-120105_130628-bgo2_my::1.0
P,urn:nasa:pds:dawn-grand-vesta:data_raw:grd-l1a-111229-120105_130628-bgo2_mz::1.0
P,urn:nasa:pds:dawn-grand-vesta:data_raw:grd-l1a-111229-120105_130628-bgo2_py::1.0
P,urn:nasa:pds:dawn-grand-vesta:data_raw:grd-l1a-111229-120105_130628-bgo2_pz::1.0
P,urn:nasa:pds:dawn-grand-vesta:data_raw:grd-l1a-111229-120105_130628-bgo::1.0
P,urn:nasa:pds:dawn-grand-vesta:data_raw:grd-l1a-111229-120105_130628-blp2_my::1.0
P,urn:nasa:pds:dawn-grand-vesta:data_raw:grd-l1a-111229-120105_130628-blp2_mz::1.0
P,urn:nasa:pds:dawn-grand-vesta:data_raw:grd-l1a-111229-120105_130628-blp2_py::1.0
P,urn:nasa:pds:dawn-grand-vesta:data_raw:grd-l1a-111229-120105_130628-blp2_pz::1.0
P,urn:nasa:pds:dawn-grand-vesta:data_raw:grd-l1a-111229-120105_130628-emg::1.0
P,urn:nasa:pds:dawn-grand-vesta:data_raw:grd-l1a-111229-120105_130628-emn::1.0
P,urn:nasa:pds:dawn-grand-vesta:data_raw:grd-l1a-111229-120105_130628-phos_mz::1.0
P,urn:nasa:pds:dawn-grand-vesta:data_raw:grd-l1a-111229-120105_130628-phos_pz::1.0
P,urn:nasa:pds:dawn-grand-vesta:data_raw:grd-l1a-111229-120105_130628-rdg::1.0
P,urn:nasa:pds:dawn-grand-vesta:data_raw:grd-l1a-111229-120105_130628-sci-scl::1.0
P,urn:nasa:pds:dawn-grand-vesta:data_raw:grd-l1a-111229-120105_130628-soh-scl::1.0
P,urn:nasa:pds:dawn-grand-vesta:data_raw:grd-l1a-111229-120105_130628-sta::1.0
P,urn:nasa:pds:dawn-grand-vesta:data_raw:grd-l1a-120105-120112_130628-bgo2_my::1.0
P,urn:nasa:pds:dawn-grand-vesta:data_raw:grd-l1a-120105-120112_130628-bgo2_mz::1.0
P,urn:nasa:pds:dawn-grand-vesta:data_raw:grd-l1a-120105-120112_130628-bgo2_py::1.0
P,urn:nasa:pds:dawn-grand-vesta:data_raw:grd-l1a-120105-120112_130628-bgo2_pz::1.0
P,urn:nasa:pds:dawn-grand-vesta:data_raw:grd-l1a-120105-120112_130628-bgo::1.0
P,urn:nasa:pds:dawn-grand-vesta:data_raw:grd-l1a-120105-120112_130628-blp2_my::1.0
P,urn:nasa:pds:dawn-grand-vesta:data_raw:grd-l1a-120105-120112_130628-blp2_mz::1.0
P,urn:nasa:pds:dawn-grand-vesta:data_raw:grd-l1a-120105-120112_130628-blp2_py::1.0
P,urn:nasa:pds:dawn-grand-vesta:data_raw:grd-l1a-120105-120112_130628-blp2_pz::1.0
P,urn:nasa:pds:dawn-grand-vesta:data_raw:grd-l1a-120105-120112_130628-emg::1.0
P,urn:nasa:pds:dawn-grand-vesta:data_raw:grd-l1a-120105-120112_130628-emn::1.0
P,urn:nasa:pds:dawn-grand-vesta:data_raw:grd-l1a-120105-120112_130628-phos_mz::1.0
P,urn:nasa:pds:dawn-grand-vesta:data_raw:grd-l1a-120105-120112_130628-phos_pz::1.0
P,urn:nasa:pds:dawn-grand-vesta:data_raw:grd-l1a-120105-120112_130628-rdg::1.0
P,urn:nasa:pds:dawn-grand-vesta:data_raw:grd-l1a-120105-120112_130628-sci-scl::1.0
P,urn:nasa:pds:dawn-grand-vesta:data_raw:grd-l1a-120105-120112_130628-soh-scl::1.0
P,urn:nasa:pds:dawn-grand-vesta:data_raw:grd-l1a-120105-120112_130628-sta::1.0
P,urn:nasa:pds:dawn-grand-vesta:data_raw:grd-l1a-120112-120114_130628-bgo2_my::1.0
P,urn:nasa:pds:dawn-grand-vesta:data_raw:grd-l1a-120112-120114_130628-bgo2_mz::1.0
P,urn:nasa:pds:dawn-grand-vesta:data_raw:grd-l1a-120112-120114_130628-bgo2_py::1.0
P,urn:nasa:pds:dawn-grand-vesta:data_raw:grd-l1a-120112-120114_130628-bgo2_pz::1.0
P,urn:nasa:pds:dawn-grand-vesta:data_raw:grd-l1a-120112-120114_130628-bgo::1.0
P,urn:nasa:pds:dawn-grand-vesta:data_raw:grd-l1a-120112-120114_130628-blp2_my::1.0
P,urn:nasa:pds:dawn-grand-vesta:data_raw:grd-l1a-120112-120114_130628-blp2_mz::1.0
P,urn:nasa:pds:dawn-grand-vesta:data_raw:grd-l1a-120112-120114_130628-blp2_py::1.0
P,urn:nasa:pds:dawn-grand-vesta:data_raw:grd-l1a-120112-120114_130628-blp2_pz::1.0
P,urn:nasa:pds:dawn-grand-vesta:data_raw:grd-l1a-120112-120114_130628-emg::1.0
P,urn:nasa:pds:dawn-grand-vesta:data_raw:grd-l1a-120112-120114_130628-emn::1.0
P,urn:nasa:pds:dawn-grand-vesta:data_raw:grd-l1a-120112-120114_130628-phos_mz::1.0
P,urn:nasa:pds:dawn-grand-vesta:data_raw:grd-l1a-120112-120114_130628-phos_pz::1.0
P,urn:nasa:pds:dawn-grand-vesta:data_raw:grd-l1a-120112-120114_130628-rdg::1.0
P,urn:nasa:pds:dawn-grand-vesta:data_raw:grd-l1a-120112-120114_130628-sci-scl::1.0
P,urn:nasa:pds:dawn-grand-vesta:data_raw:grd-l1a-120112-120114_130628-soh-scl::1.0
P,urn:nasa:pds:dawn-grand-vesta:data_raw:grd-l1a-120112-120114_130628-sta::1.0
P,urn:nasa:pds:dawn-grand-vesta:data_raw:grd-l1a-120123-120126_130628-bgo2_my::1.0
P,urn:nasa:pds:dawn-grand-vesta:data_raw:grd-l1a-120123-120126_130628-bgo2_mz::1.0
P,urn:nasa:pds:dawn-grand-vesta:data_raw:grd-l1a-120123-120126_130628-bgo2_py::1.0
P,urn:nasa:pds:dawn-grand-vesta:data_raw:grd-l1a-120123-120126_130628-bgo2_pz::1.0
P,urn:nasa:pds:dawn-grand-vesta:data_raw:grd-l1a-120123-120126_130628-bgo::1.0
P,urn:nasa:pds:dawn-grand-vesta:data_raw:grd-l1a-120123-120126_130628-blp2_my::1.0
P,urn:nasa:pds:dawn-grand-vesta:data_raw:grd-l1a-120123-120126_130628-blp2_mz::1.0
P,urn:nasa:pds:dawn-grand-vesta:data_raw:grd-l1a-120123-120126_130628-blp2_py::1.0
P,urn:nasa:pds:dawn-grand-vesta:data_raw:grd-l1a-120123-120126_130628-blp2_pz::1.0
P,urn:nasa:pds:dawn-grand-vesta:data_raw:grd-l1a-120123-120126_130628-emg::1.0
P,urn:nasa:pds:dawn-grand-vesta:data_raw:grd-l1a-120123-120126_130628-emn::1.0
P,urn:nasa:pds:dawn-grand-vesta:data_raw:grd-l1a-120123-120126_130628-phos_mz::1.0
P,urn:nasa:pds:dawn-grand-vesta:data_raw:grd-l1a-120123-120126_130628-phos_pz::1.0
P,urn:nasa:pds:dawn-grand-vesta:data_raw:grd-l1a-120123-120126_130628-rdg::1.0
P,urn:nasa:pds:dawn-grand-vesta:data_raw:grd-l1a-120123-120126_130628-sci-scl::1.0
P,urn:nasa:pds:dawn-grand-vesta:data_raw:grd-l1a-120123-120126_130628-soh-scl::1.0
P,urn:nasa:pds:dawn-grand-vesta:data_raw:grd-l1a-120123-120126_130628-sta::1.0
P,urn:nasa:pds:dawn-grand-vesta:data_raw:grd-l1a-120126-120202_130628-bgo2_my::1.0
P,urn:nasa:pds:dawn-grand-vesta:data_raw:grd-l1a-120126-120202_130628-bgo2_mz::1.0
P,urn:nasa:pds:dawn-grand-vesta:data_raw:grd-l1a-120126-120202_130628-bgo2_py::1.0
P,urn:nasa:pds:dawn-grand-vesta:data_raw:grd-l1a-120126-120202_130628-bgo2_pz::1.0
P,urn:nasa:pds:dawn-grand-vesta:data_raw:grd-l1a-120126-120202_130628-bgo::1.0
P,urn:nasa:pds:dawn-grand-vesta:data_raw:grd-l1a-120126-120202_130628-blp2_my::1.0
P,urn:nasa:pds:dawn-grand-vesta:data_raw:grd-l1a-120126-120202_130628-blp2_mz::1.0
P,urn:nasa:pds:dawn-grand-vesta:data_raw:grd-l1a-120126-120202_130628-blp2_py::1.0
P,urn:nasa:pds:dawn-grand-vesta:data_raw:grd-l1a-120126-120202_130628-blp2_pz::1.0
P,urn:nasa:pds:dawn-grand-vesta:data_raw:grd-l1a-120126-120202_130628-emg::1.0
P,urn:nasa:pds:dawn-grand-vesta:data_raw:grd-l1a-120126-120202_130628-emn::1.0
P,urn:nasa:pds:dawn-grand-vesta:data_raw:grd-l1a-120126-120202_130628-phos_mz::1.0
P,urn:nasa:pds:dawn-grand-vesta:data_raw:grd-l1a-120126-120202_130628-phos_pz::1.0
P,urn:nasa:pds:dawn-grand-vesta:data_raw:grd-l1a-120126-120202_130628-rdg::1.0
P,urn:nasa:pds:dawn-grand-vesta:data_raw:grd-l1a-120126-120202_130628-sci-scl::1.0
P,urn:nasa:pds:dawn-grand-vesta:data_raw:grd-l1a-120126-120202_130628-soh-scl::1.0
P,urn:nasa:pds:dawn-grand-vesta:data_raw:grd-l1a-120126-120202_130628-sta::1.0
P,urn:nasa:pds:dawn-grand-vesta:data_raw:grd-l1a-120202-120209_130628-bgo2_my::1.0
P,urn:nasa:pds:dawn-grand-vesta:data_raw:grd-l1a-120202-120209_130628-bgo2_mz::1.0
P,urn:nasa:pds:dawn-grand-vesta:data_raw:grd-l1a-120202-120209_130628-bgo2_py::1.0
P,urn:nasa:pds:dawn-grand-vesta:data_raw:grd-l1a-120202-120209_130628-bgo2_pz::1.0
P,urn:nasa:pds:dawn-grand-vesta:data_raw:grd-l1a-120202-120209_130628-bgo::1.0
P,urn:nasa:pds:dawn-grand-vesta:data_raw:grd-l1a-120202-120209_130628-blp2_my::1.0
P,urn:nasa:pds:dawn-grand-vesta:data_raw:grd-l1a-120202-120209_130628-blp2_mz::1.0
P,urn:nasa:pds:dawn-grand-vesta:data_raw:grd-l1a-120202-120209_130628-blp2_py::1.0
P,urn:nasa:pds:dawn-grand-vesta:data_raw:grd-l1a-120202-120209_130628-blp2_pz::1.0
P,urn:nasa:pds:dawn-grand-vesta:data_raw:grd-l1a-120202-120209_130628-emg::1.0
P,urn:nasa:pds:dawn-grand-vesta:data_raw:grd-l1a-120202-120209_130628-emn::1.0
P,urn:nasa:pds:dawn-grand-vesta:data_raw:grd-l1a-120202-120209_130628-phos_mz::1.0
P,urn:nasa:pds:dawn-grand-vesta:data_raw:grd-l1a-120202-120209_130628-phos_pz::1.0
P,urn:nasa:pds:dawn-grand-vesta:data_raw:grd-l1a-120202-120209_130628-rdg::1.0
P,urn:nasa:pds:dawn-grand-vesta:data_raw:grd-l1a-120202-120209_130628-sci-scl::1.0
P,urn:nasa:pds:dawn-grand-vesta:data_raw:grd-l1a-120202-120209_130628-soh-scl::1.0
P,urn:nasa:pds:dawn-grand-vesta:data_raw:grd-l1a-120202-120209_130628-sta::1.0
P,urn:nasa:pds:dawn-grand-vesta:data_raw:grd-l1a-120209-120216_130628-bgo2_my::1.0
P,urn:nasa:pds:dawn-grand-vesta:data_raw:grd-l1a-120209-120216_130628-bgo2_mz::1.0
P,urn:nasa:pds:dawn-grand-vesta:data_raw:grd-l1a-120209-120216_130628-bgo2_py::1.0
P,urn:nasa:pds:dawn-grand-vesta:data_raw:grd-l1a-120209-120216_130628-bgo2_pz::1.0
P,urn:nasa:pds:dawn-grand-vesta:data_raw:grd-l1a-120209-120216_130628-bgo::1.0
P,urn:nasa:pds:dawn-grand-vesta:data_raw:grd-l1a-120209-120216_130628-blp2_my::1.0
P,urn:nasa:pds:dawn-grand-vesta:data_raw:grd-l1a-120209-120216_130628-blp2_mz::1.0
P,urn:nasa:pds:dawn-grand-vesta:data_raw:grd-l1a-120209-120216_130628-blp2_py::1.0
P,urn:nasa:pds:dawn-grand-vesta:data_raw:grd-l1a-120209-120216_130628-blp2_pz::1.0
P,urn:nasa:pds:dawn-grand-vesta:data_raw:grd-l1a-120209-120216_130628-emg::1.0
P,urn:nasa:pds:dawn-grand-vesta:data_raw:grd-l1a-120209-120216_130628-emn::1.0
P,urn:nasa:pds:dawn-grand-vesta:data_raw:grd-l1a-120209-120216_130628-phos_mz::1.0
P,urn:nasa:pds:dawn-grand-vesta:data_raw:grd-l1a-120209-120216_130628-phos_pz::1.0
P,urn:nasa:pds:dawn-grand-vesta:data_raw:grd-l1a-120209-120216_130628-rdg::1.0
P,urn:nasa:pds:dawn-grand-vesta:data_raw:grd-l1a-120209-120216_130628-sci-scl::1.0
P,urn:nasa:pds:dawn-grand-vesta:data_raw:grd-l1a-120209-120216_130628-soh-scl::1.0
P,urn:nasa:pds:dawn-grand-vesta:data_raw:grd-l1a-120209-120216_130628-sta::1.0
P,urn:nasa:pds:dawn-grand-vesta:data_raw:grd-l1a-120216-120224_130628-bgo2_my::1.0
P,urn:nasa:pds:dawn-grand-vesta:data_raw:grd-l1a-120216-120224_130628-bgo2_mz::1.0
P,urn:nasa:pds:dawn-grand-vesta:data_raw:grd-l1a-120216-120224_130628-bgo2_py::1.0
P,urn:nasa:pds:dawn-grand-vesta:data_raw:grd-l1a-120216-120224_130628-bgo2_pz::1.0
P,urn:nasa:pds:dawn-grand-vesta:data_raw:grd-l1a-120216-120224_130628-bgo::1.0
P,urn:nasa:pds:dawn-grand-vesta:data_raw:grd-l1a-120216-120224_130628-blp2_my::1.0
P,urn:nasa:pds:dawn-grand-vesta:data_raw:grd-l1a-120216-120224_130628-blp2_mz::1.0
P,urn:nasa:pds:dawn-grand-vesta:data_raw:grd-l1a-120216-120224_130628-blp2_py::1.0
P,urn:nasa:pds:dawn-grand-vesta:data_raw:grd-l1a-120216-120224_130628-blp2_pz::1.0
P,urn:nasa:pds:dawn-grand-vesta:data_raw:grd-l1a-120216-120224_130628-emg::1.0
P,urn:nasa:pds:dawn-grand-vesta:data_raw:grd-l1a-120216-120224_130628-emn::1.0
P,urn:nasa:pds:dawn-grand-vesta:data_raw:grd-l1a-120216-120224_130628-phos_mz::1.0
P,urn:nasa:pds:dawn-grand-vesta:data_raw:grd-l1a-120216-120224_130628-phos_pz::1.0
P,urn:nasa:pds:dawn-grand-vesta:data_raw:grd-l1a-120216-120224_130628-rdg::1.0
P,urn:nasa:pds:dawn-grand-vesta:data_raw:grd-l1a-120216-120224_130628-sci-scl::1.0
P,urn:nasa:pds:dawn-grand-vesta:data_raw:grd-l1a-120216-120224_130628-soh-scl::1.0
P,urn:nasa:pds:dawn-grand-vesta:data_raw:grd-l1a-120216-120224_130628-sta::1.0
P,urn:nasa:pds:dawn-grand-vesta:data_raw:grd-l1a-120225-120303_130628-bgo2_my::1.0
P,urn:nasa:pds:dawn-grand-vesta:data_raw:grd-l1a-120225-120303_130628-bgo2_mz::1.0
P,urn:nasa:pds:dawn-grand-vesta:data_raw:grd-l1a-120225-120303_130628-bgo2_py::1.0
P,urn:nasa:pds:dawn-grand-vesta:data_raw:grd-l1a-120225-120303_130628-bgo2_pz::1.0
P,urn:nasa:pds:dawn-grand-vesta:data_raw:grd-l1a-120225-120303_130628-bgo::1.0
P,urn:nasa:pds:dawn-grand-vesta:data_raw:grd-l1a-120225-120303_130628-blp2_my::1.0
P,urn:nasa:pds:dawn-grand-vesta:data_raw:grd-l1a-120225-120303_130628-blp2_mz::1.0
P,urn:nasa:pds:dawn-grand-vesta:data_raw:grd-l1a-120225-120303_130628-blp2_py::1.0
P,urn:nasa:pds:dawn-grand-vesta:data_raw:grd-l1a-120225-120303_130628-blp2_pz::1.0
P,urn:nasa:pds:dawn-grand-vesta:data_raw:grd-l1a-120225-120303_130628-emg::1.0
P,urn:nasa:pds:dawn-grand-vesta:data_raw:grd-l1a-120225-120303_130628-emn::1.0
P,urn:nasa:pds:dawn-grand-vesta:data_raw:grd-l1a-120225-120303_130628-phos_mz::1.0
P,urn:nasa:pds:dawn-grand-vesta:data_raw:grd-l1a-120225-120303_130628-phos_pz::1.0
P,urn:nasa:pds:dawn-grand-vesta:data_raw:grd-l1a-120225-120303_130628-rdg::1.0
P,urn:nasa:pds:dawn-grand-vesta:data_raw:grd-l1a-120225-120303_130628-sci-scl::1.0
P,urn:nasa:pds:dawn-grand-vesta:data_raw:grd-l1a-120225-120303_130628-soh-scl::1.0
P,urn:nasa:pds:dawn-grand-vesta:data_raw:grd-l1a-120225-120303_130628-sta::1.0
P,urn:nasa:pds:dawn-grand-vesta:data_raw:grd-l1a-120303-120310_130628-bgo2_my::1.0
P,urn:nasa:pds:dawn-grand-vesta:data_raw:grd-l1a-120303-120310_130628-bgo2_mz::1.0
P,urn:nasa:pds:dawn-grand-vesta:data_raw:grd-l1a-120303-120310_130628-bgo2_py::1.0
P,urn:nasa:pds:dawn-grand-vesta:data_raw:grd-l1a-120303-120310_130628-bgo2_pz::1.0
P,urn:nasa:pds:dawn-grand-vesta:data_raw:grd-l1a-120303-120310_130628-bgo::1.0
P,urn:nasa:pds:dawn-grand-vesta:data_raw:grd-l1a-120303-120310_130628-blp2_my::1.0
P,urn:nasa:pds:dawn-grand-vesta:data_raw:grd-l1a-120303-120310_130628-blp2_mz::1.0
P,urn:nasa:pds:dawn-grand-vesta:data_raw:grd-l1a-120303-120310_130628-blp2_py::1.0
P,urn:nasa:pds:dawn-grand-vesta:data_raw:grd-l1a-120303-120310_130628-blp2_pz::1.0
P,urn:nasa:pds:dawn-grand-vesta:data_raw:grd-l1a-120303-120310_130628-emg::1.0
P,urn:nasa:pds:dawn-grand-vesta:data_raw:grd-l1a-120303-120310_130628-emn::1.0
P,urn:nasa:pds:dawn-grand-vesta:data_raw:grd-l1a-120303-120310_130628-phos_mz::1.0
P,urn:nasa:pds:dawn-grand-vesta:data_raw:grd-l1a-120303-120310_130628-phos_pz::1.0
P,urn:nasa:pds:dawn-grand-vesta:data_raw:grd-l1a-120303-120310_130628-rdg::1.0
P,urn:nasa:pds:dawn-grand-vesta:data_raw:grd-l1a-120303-120310_130628-sci-scl::1.0
P,urn:nasa:pds:dawn-grand-vesta:data_raw:grd-l1a-120303-120310_130628-soh-scl::1.0
P,urn:nasa:pds:dawn-grand-vesta:data_raw:grd-l1a-120303-120310_130628-sta::1.0
P,urn:nasa:pds:dawn-grand-vesta:data_raw:grd-l1a-120310-120317_130628-bgo2_my::1.0
P,urn:nasa:pds:dawn-grand-vesta:data_raw:grd-l1a-120310-120317_130628-bgo2_mz::1.0
P,urn:nasa:pds:dawn-grand-vesta:data_raw:grd-l1a-120310-120317_130628-bgo2_py::1.0
P,urn:nasa:pds:dawn-grand-vesta:data_raw:grd-l1a-120310-120317_130628-bgo2_pz::1.0
P,urn:nasa:pds:dawn-grand-vesta:data_raw:grd-l1a-120310-120317_130628-bgo::1.0
P,urn:nasa:pds:dawn-grand-vesta:data_raw:grd-l1a-120310-120317_130628-blp2_my::1.0
P,urn:nasa:pds:dawn-grand-vesta:data_raw:grd-l1a-120310-120317_130628-blp2_mz::1.0
P,urn:nasa:pds:dawn-grand-vesta:data_raw:grd-l1a-120310-120317_130628-blp2_py::1.0
P,urn:nasa:pds:dawn-grand-vesta:data_raw:grd-l1a-120310-120317_130628-blp2_pz::1.0
P,urn:nasa:pds:dawn-grand-vesta:data_raw:grd-l1a-120310-120317_130628-emg::1.0
P,urn:nasa:pds:dawn-grand-vesta:data_raw:grd-l1a-120310-120317_130628-emn::1.0
P,urn:nasa:pds:dawn-grand-vesta:data_raw:grd-l1a-120310-120317_130628-phos_mz::1.0
P,urn:nasa:pds:dawn-grand-vesta:data_raw:grd-l1a-120310-120317_130628-phos_pz::1.0
P,urn:nasa:pds:dawn-grand-vesta:data_raw:grd-l1a-120310-120317_130628-rdg::1.0
P,urn:nasa:pds:dawn-grand-vesta:data_raw:grd-l1a-120310-120317_130628-sci-scl::1.0
P,urn:nasa:pds:dawn-grand-vesta:data_raw:grd-l1a-120310-120317_130628-soh-scl::1.0
P,urn:nasa:pds:dawn-grand-vesta:data_raw:grd-l1a-120310-120317_130628-sta::1.0
P,urn:nasa:pds:dawn-grand-vesta:data_raw:grd-l1a-120317-120324_130628-bgo2_my::1.0
P,urn:nasa:pds:dawn-grand-vesta:data_raw:grd-l1a-120317-120324_130628-bgo2_mz::1.0
P,urn:nasa:pds:dawn-grand-vesta:data_raw:grd-l1a-120317-120324_130628-bgo2_py::1.0
P,urn:nasa:pds:dawn-grand-vesta:data_raw:grd-l1a-120317-120324_130628-bgo2_pz::1.0
P,urn:nasa:pds:dawn-grand-vesta:data_raw:grd-l1a-120317-120324_130628-bgo::1.0
P,urn:nasa:pds:dawn-grand-vesta:data_raw:grd-l1a-120317-120324_130628-blp2_my::1.0
P,urn:nasa:pds:dawn-grand-vesta:data_raw:grd-l1a-120317-120324_130628-blp2_mz::1.0
P,urn:nasa:pds:dawn-grand-vesta:data_raw:grd-l1a-120317-120324_130628-blp2_py::1.0
P,urn:nasa:pds:dawn-grand-vesta:data_raw:grd-l1a-120317-120324_130628-blp2_pz::1.0
P,urn:nasa:pds:dawn-grand-vesta:data_raw:grd-l1a-120317-120324_130628-emg::1.0
P,urn:nasa:pds:dawn-grand-vesta:data_raw:grd-l1a-120317-120324_130628-emn::1.0
P,urn:nasa:pds:dawn-grand-vesta:data_raw:grd-l1a-120317-120324_130628-phos_mz::1.0
P,urn:nasa:pds:dawn-grand-vesta:data_raw:grd-l1a-120317-120324_130628-phos_pz::1.0
P,urn:nasa:pds:dawn-grand-vesta:data_raw:grd-l1a-120317-120324_130628-rdg::1.0
P,urn:nasa:pds:dawn-grand-vesta:data_raw:grd-l1a-120317-120324_130628-sci-scl::1.0
P,urn:nasa:pds:dawn-grand-vesta:data_raw:grd-l1a-120317-120324_130628-soh-scl::1.0
P,urn:nasa:pds:dawn-grand-vesta:data_raw:grd-l1a-120317-120324_130628-sta::1.0
P,urn:nasa:pds:dawn-grand-vesta:data_raw:grd-l1a-120324-120331_130628-bgo2_my::1.0
P,urn:nasa:pds:dawn-grand-vesta:data_raw:grd-l1a-120324-120331_130628-bgo2_mz::1.0
P,urn:nasa:pds:dawn-grand-vesta:data_raw:grd-l1a-120324-120331_130628-bgo2_py::1.0
P,urn:nasa:pds:dawn-grand-vesta:data_raw:grd-l1a-120324-120331_130628-bgo2_pz::1.0
P,urn:nasa:pds:dawn-grand-vesta:data_raw:grd-l1a-120324-120331_130628-bgo::1.0
P,urn:nasa:pds:dawn-grand-vesta:data_raw:grd-l1a-120324-120331_130628-blp2_my::1.0
P,urn:nasa:pds:dawn-grand-vesta:data_raw:grd-l1a-120324-120331_130628-blp2_mz::1.0
P,urn:nasa:pds:dawn-grand-vesta:data_raw:grd-l1a-120324-120331_130628-blp2_py::1.0
P,urn:nasa:pds:dawn-grand-vesta:data_raw:grd-l1a-120324-120331_130628-blp2_pz::1.0
P,urn:nasa:pds:dawn-grand-vesta:data_raw:grd-l1a-120324-120331_130628-emg::1.0
P,urn:nasa:pds:dawn-grand-vesta:data_raw:grd-l1a-120324-120331_130628-emn::1.0
P,urn:nasa:pds:dawn-grand-vesta:data_raw:grd-l1a-120324-120331_130628-phos_mz::1.0
P,urn:nasa:pds:dawn-grand-vesta:data_raw:grd-l1a-120324-120331_130628-phos_pz::1.0
P,urn:nasa:pds:dawn-grand-vesta:data_raw:grd-l1a-120324-120331_130628-rdg::1.0
P,urn:nasa:pds:dawn-grand-vesta:data_raw:grd-l1a-120324-120331_130628-sci-scl::1.0
P,urn:nasa:pds:dawn-grand-vesta:data_raw:grd-l1a-120324-120331_130628-soh-scl::1.0
P,urn:nasa:pds:dawn-grand-vesta:data_raw:grd-l1a-120324-120331_130628-sta::1.0
P,urn:nasa:pds:dawn-grand-vesta:data_raw:grd-l1a-120331-120407_130628-bgo2_my::1.0
P,urn:nasa:pds:dawn-grand-vesta:data_raw:grd-l1a-120331-120407_130628-bgo2_mz::1.0
P,urn:nasa:pds:dawn-grand-vesta:data_raw:grd-l1a-120331-120407_130628-bgo2_py::1.0
P,urn:nasa:pds:dawn-grand-vesta:data_raw:grd-l1a-120331-120407_130628-bgo2_pz::1.0
P,urn:nasa:pds:dawn-grand-vesta:data_raw:grd-l1a-120331-120407_130628-bgo::1.0
P,urn:nasa:pds:dawn-grand-vesta:data_raw:grd-l1a-120331-120407_130628-blp2_my::1.0
P,urn:nasa:pds:dawn-grand-vesta:data_raw:grd-l1a-120331-120407_130628-blp2_mz::1.0
P,urn:nasa:pds:dawn-grand-vesta:data_raw:grd-l1a-120331-120407_130628-blp2_py::1.0
P,urn:nasa:pds:dawn-grand-vesta:data_raw:grd-l1a-120331-120407_130628-blp2_pz::1.0
P,urn:nasa:pds:dawn-grand-vesta:data_raw:grd-l1a-120331-120407_130628-emg::1.0
P,urn:nasa:pds:dawn-grand-vesta:data_raw:grd-l1a-120331-120407_130628-emn::1.0
P,urn:nasa:pds:dawn-grand-vesta:data_raw:grd-l1a-120331-120407_130628-phos_mz::1.0
P,urn:nasa:pds:dawn-grand-vesta:data_raw:grd-l1a-120331-120407_130628-phos_pz::1.0
P,urn:nasa:pds:dawn-grand-vesta:data_raw:grd-l1a-120331-120407_130628-rdg::1.0
P,urn:nasa:pds:dawn-grand-vesta:data_raw:grd-l1a-120331-120407_130628-sci-scl::1.0
P,urn:nasa:pds:dawn-grand-vesta:data_raw:grd-l1a-120331-120407_130628-soh-scl::1.0
P,urn:nasa:pds:dawn-grand-vesta:data_raw:grd-l1a-120331-120407_130628-sta::1.0
P,urn:nasa:pds:dawn-grand-vesta:data_raw:grd-l1a-120407-120414_130628-bgo2_my::1.0
P,urn:nasa:pds:dawn-grand-vesta:data_raw:grd-l1a-120407-120414_130628-bgo2_mz::1.0
P,urn:nasa:pds:dawn-grand-vesta:data_raw:grd-l1a-120407-120414_130628-bgo2_py::1.0
P,urn:nasa:pds:dawn-grand-vesta:data_raw:grd-l1a-120407-120414_130628-bgo2_pz::1.0
P,urn:nasa:pds:dawn-grand-vesta:data_raw:grd-l1a-120407-120414_130628-bgo::1.0
P,urn:nasa:pds:dawn-grand-vesta:data_raw:grd-l1a-120407-120414_130628-blp2_my::1.0
P,urn:nasa:pds:dawn-grand-vesta:data_raw:grd-l1a-120407-120414_130628-blp2_mz::1.0
P,urn:nasa:pds:dawn-grand-vesta:data_raw:grd-l1a-120407-120414_130628-blp2_py::1.0
P,urn:nasa:pds:dawn-grand-vesta:data_raw:grd-l1a-120407-120414_130628-blp2_pz::1.0
P,urn:nasa:pds:dawn-grand-vesta:data_raw:grd-l1a-120407-120414_130628-emg::1.0
P,urn:nasa:pds:dawn-grand-vesta:data_raw:grd-l1a-120407-120414_130628-emn::1.0
P,urn:nasa:pds:dawn-grand-vesta:data_raw:grd-l1a-120407-120414_130628-phos_mz::1.0
P,urn:nasa:pds:dawn-grand-vesta:data_raw:grd-l1a-120407-120414_130628-phos_pz::1.0
P,urn:nasa:pds:dawn-grand-vesta:data_raw:grd-l1a-120407-120414_130628-rdg::1.0
P,urn:nasa:pds:dawn-grand-vesta:data_raw:grd-l1a-120407-120414_130628-sci-scl::1.0
P,urn:nasa:pds:dawn-grand-vesta:data_raw:grd-l1a-120407-120414_130628-soh-scl::1.0
P,urn:nasa:pds:dawn-grand-vesta:data_raw:grd-l1a-120407-120414_130628-sta::1.0
P,urn:nasa:pds:dawn-grand-vesta:data_raw:grd-l1a-120414-120421_130628-bgo2_my::1.0
P,urn:nasa:pds:dawn-grand-vesta:data_raw:grd-l1a-120414-120421_130628-bgo2_mz::1.0
P,urn:nasa:pds:dawn-grand-vesta:data_raw:grd-l1a-120414-120421_130628-bgo2_py::1.0
P,urn:nasa:pds:dawn-grand-vesta:data_raw:grd-l1a-120414-120421_130628-bgo2_pz::1.0
P,urn:nasa:pds:dawn-grand-vesta:data_raw:grd-l1a-120414-120421_130628-bgo::1.0
P,urn:nasa:pds:dawn-grand-vesta:data_raw:grd-l1a-120414-120421_130628-blp2_my::1.0
P,urn:nasa:pds:dawn-grand-vesta:data_raw:grd-l1a-120414-120421_130628-blp2_mz::1.0
P,urn:nasa:pds:dawn-grand-vesta:data_raw:grd-l1a-120414-120421_130628-blp2_py::1.0
P,urn:nasa:pds:dawn-grand-vesta:data_raw:grd-l1a-120414-120421_130628-blp2_pz::1.0
P,urn:nasa:pds:dawn-grand-vesta:data_raw:grd-l1a-120414-120421_130628-emg::1.0
P,urn:nasa:pds:dawn-grand-vesta:data_raw:grd-l1a-120414-120421_130628-emn::1.0
P,urn:nasa:pds:dawn-grand-vesta:data_raw:grd-l1a-120414-120421_130628-phos_mz::1.0
P,urn:nasa:pds:dawn-grand-vesta:data_raw:grd-l1a-120414-120421_130628-phos_pz::1.0
P,urn:nasa:pds:dawn-grand-vesta:data_raw:grd-l1a-120414-120421_130628-rdg::1.0
P,urn:nasa:pds:dawn-grand-vesta:data_raw:grd-l1a-120414-120421_130628-sci-scl::1.0
P,urn:nasa:pds:dawn-grand-vesta:data_raw:grd-l1a-120414-120421_130628-soh-scl::1.0
P,urn:nasa:pds:dawn-grand-vesta:data_raw:grd-l1a-120414-120421_130628-sta::1.0
P,urn:nasa:pds:dawn-grand-vesta:data_raw:grd-l1a-120421-120427_130628-bgo2_my::1.0
P,urn:nasa:pds:dawn-grand-vesta:data_raw:grd-l1a-120421-120427_130628-bgo2_mz::1.0
P,urn:nasa:pds:dawn-grand-vesta:data_raw:grd-l1a-120421-120427_130628-bgo2_py::1.0
P,urn:nasa:pds:dawn-grand-vesta:data_raw:grd-l1a-120421-120427_130628-bgo2_pz::1.0
P,urn:nasa:pds:dawn-grand-vesta:data_raw:grd-l1a-120421-120427_130628-bgo::1.0
P,urn:nasa:pds:dawn-grand-vesta:data_raw:grd-l1a-120421-120427_130628-blp2_my::1.0
P,urn:nasa:pds:dawn-grand-vesta:data_raw:grd-l1a-120421-120427_130628-blp2_mz::1.0
P,urn:nasa:pds:dawn-grand-vesta:data_raw:grd-l1a-120421-120427_130628-blp2_py::1.0
P,urn:nasa:pds:dawn-grand-vesta:data_raw:grd-l1a-120421-120427_130628-blp2_pz::1.0
P,urn:nasa:pds:dawn-grand-vesta:data_raw:grd-l1a-120421-120427_130628-emg::1.0
P,urn:nasa:pds:dawn-grand-vesta:data_raw:grd-l1a-120421-120427_130628-emn::1.0
P,urn:nasa:pds:dawn-grand-vesta:data_raw:grd-l1a-120421-120427_130628-phos_mz::1.0
P,urn:nasa:pds:dawn-grand-vesta:data_raw:grd-l1a-120421-120427_130628-phos_pz::1.0
P,urn:nasa:pds:dawn-grand-vesta:data_raw:grd-l1a-120421-120427_130628-rdg::1.0
P,urn:nasa:pds:dawn-grand-vesta:data_raw:grd-l1a-120421-120427_130628-sci-scl::1.0
P,urn:nasa:pds:dawn-grand-vesta:data_raw:grd-l1a-120421-120427_130628-soh-scl::1.0
P,urn:nasa:pds:dawn-grand-vesta:data_raw:grd-l1a-120421-120427_130628-sta::1.0
P,urn:nasa:pds:dawn-grand-vesta:data_raw:grd-l1a-120428-120505_130628-bgo2_my::1.0
P,urn:nasa:pds:dawn-grand-vesta:data_raw:grd-l1a-120428-120505_130628-bgo2_mz::1.0
P,urn:nasa:pds:dawn-grand-vesta:data_raw:grd-l1a-120428-120505_130628-bgo2_py::1.0
P,urn:nasa:pds:dawn-grand-vesta:data_raw:grd-l1a-120428-120505_130628-bgo2_pz::1.0
P,urn:nasa:pds:dawn-grand-vesta:data_raw:grd-l1a-120428-120505_130628-bgo::1.0
P,urn:nasa:pds:dawn-grand-vesta:data_raw:grd-l1a-120428-120505_130628-blp2_my::1.0
P,urn:nasa:pds:dawn-grand-vesta:data_raw:grd-l1a-120428-120505_130628-blp2_mz::1.0
P,urn:nasa:pds:dawn-grand-vesta:data_raw:grd-l1a-120428-120505_130628-blp2_py::1.0
P,urn:nasa:pds:dawn-grand-vesta:data_raw:grd-l1a-120428-120505_130628-blp2_pz::1.0
P,urn:nasa:pds:dawn-grand-vesta:data_raw:grd-l1a-120428-120505_130628-emg::1.0
P,urn:nasa:pds:dawn-grand-vesta:data_raw:grd-l1a-120428-120505_130628-emn::1.0
P,urn:nasa:pds:dawn-grand-vesta:data_raw:grd-l1a-120428-120505_130628-phos_mz::1.0
P,urn:nasa:pds:dawn-grand-vesta:data_raw:grd-l1a-120428-120505_130628-phos_pz::1.0
P,urn:nasa:pds:dawn-grand-vesta:data_raw:grd-l1a-120428-120505_130628-rdg::1.0
P,urn:nasa:pds:dawn-grand-vesta:data_raw:grd-l1a-120428-120505_130628-sci-scl::1.0
P,urn:nasa:pds:dawn-grand-vesta:data_raw:grd-l1a-120428-120505_130628-soh-scl::1.0
P,urn:nasa:pds:dawn-grand-vesta:data_raw:grd-l1a-120428-120505_130628-sta::1.0
P,urn:nasa:pds:dawn-grand-vesta:data_raw:grd-l1a-120505-120512_130628-bgo2_my::1.0
P,urn:nasa:pds:dawn-grand-vesta:data_raw:grd-l1a-120505-120512_130628-bgo2_mz::1.0
P,urn:nasa:pds:dawn-grand-vesta:data_raw:grd-l1a-120505-120512_130628-bgo2_py::1.0
P,urn:nasa:pds:dawn-grand-vesta:data_raw:grd-l1a-120505-120512_130628-bgo2_pz::1.0
P,urn:nasa:pds:dawn-grand-vesta:data_raw:grd-l1a-120505-120512_130628-bgo::1.0
P,urn:nasa:pds:dawn-grand-vesta:data_raw:grd-l1a-120505-120512_130628-blp2_my::1.0
P,urn:nasa:pds:dawn-grand-vesta:data_raw:grd-l1a-120505-120512_130628-blp2_mz::1.0
P,urn:nasa:pds:dawn-grand-vesta:data_raw:grd-l1a-120505-120512_130628-blp2_py::1.0
P,urn:nasa:pds:dawn-grand-vesta:data_raw:grd-l1a-120505-120512_130628-blp2_pz::1.0
P,urn:nasa:pds:dawn-grand-vesta:data_raw:grd-l1a-120505-120512_130628-emg::1.0
P,urn:nasa:pds:dawn-grand-vesta:data_raw:grd-l1a-120505-120512_130628-emn::1.0
P,urn:nasa:pds:dawn-grand-vesta:data_raw:grd-l1a-120505-120512_130628-phos_mz::1.0
P,urn:nasa:pds:dawn-grand-vesta:data_raw:grd-l1a-120505-120512_130628-phos_pz::1.0
P,urn:nasa:pds:dawn-grand-vesta:data_raw:grd-l1a-120505-120512_130628-rdg::1.0
P,urn:nasa:pds:dawn-grand-vesta:data_raw:grd-l1a-120505-120512_130628-sci-scl::1.0
P,urn:nasa:pds:dawn-grand-vesta:data_raw:grd-l1a-120505-120512_130628-soh-scl::1.0
P,urn:nasa:pds:dawn-grand-vesta:data_raw:grd-l1a-120505-120512_130628-sta::1.0
P,urn:nasa:pds:dawn-grand-vesta:data_raw:grd-l1a-120512-120519_130628-bgo2_my::1.0
P,urn:nasa:pds:dawn-grand-vesta:data_raw:grd-l1a-120512-120519_130628-bgo2_mz::1.0
P,urn:nasa:pds:dawn-grand-vesta:data_raw:grd-l1a-120512-120519_130628-bgo2_py::1.0
P,urn:nasa:pds:dawn-grand-vesta:data_raw:grd-l1a-120512-120519_130628-bgo2_pz::1.0
P,urn:nasa:pds:dawn-grand-vesta:data_raw:grd-l1a-120512-120519_130628-bgo::1.0
P,urn:nasa:pds:dawn-grand-vesta:data_raw:grd-l1a-120512-120519_130628-blp2_my::1.0
P,urn:nasa:pds:dawn-grand-vesta:data_raw:grd-l1a-120512-120519_130628-blp2_mz::1.0
P,urn:nasa:pds:dawn-grand-vesta:data_raw:grd-l1a-120512-120519_130628-blp2_py::1.0
P,urn:nasa:pds:dawn-grand-vesta:data_raw:grd-l1a-120512-120519_130628-blp2_pz::1.0
P,urn:nasa:pds:dawn-grand-vesta:data_raw:grd-l1a-120512-120519_130628-emg::1.0
P,urn:nasa:pds:dawn-grand-vesta:data_raw:grd-l1a-120512-120519_130628-emn::1.0
P,urn:nasa:pds:dawn-grand-vesta:data_raw:grd-l1a-120512-120519_130628-phos_mz::1.0
P,urn:nasa:pds:dawn-grand-vesta:data_raw:grd-l1a-120512-120519_130628-phos_pz::1.0
P,urn:nasa:pds:dawn-grand-vesta:data_raw:grd-l1a-120512-120519_130628-rdg::1.0
P,urn:nasa:pds:dawn-grand-vesta:data_raw:grd-l1a-120512-120519_130628-sci-scl::1.0
P,urn:nasa:pds:dawn-grand-vesta:data_raw:grd-l1a-120512-120519_130628-soh-scl::1.0
P,urn:nasa:pds:dawn-grand-vesta:data_raw:grd-l1a-120512-120519_130628-sta::1.0
P,urn:nasa:pds:dawn-grand-vesta:data_raw:grd-l1a-120519-120526_130628-bgo2_my::1.0
P,urn:nasa:pds:dawn-grand-vesta:data_raw:grd-l1a-120519-120526_130628-bgo2_mz::1.0
P,urn:nasa:pds:dawn-grand-vesta:data_raw:grd-l1a-120519-120526_130628-bgo2_py::1.0
P,urn:nasa:pds:dawn-grand-vesta:data_raw:grd-l1a-120519-120526_130628-bgo2_pz::1.0
P,urn:nasa:pds:dawn-grand-vesta:data_raw:grd-l1a-120519-120526_130628-bgo::1.0
P,urn:nasa:pds:dawn-grand-vesta:data_raw:grd-l1a-120519-120526_130628-blp2_my::1.0
P,urn:nasa:pds:dawn-grand-vesta:data_raw:grd-l1a-120519-120526_130628-blp2_mz::1.0
P,urn:nasa:pds:dawn-grand-vesta:data_raw:grd-l1a-120519-120526_130628-blp2_py::1.0
P,urn:nasa:pds:dawn-grand-vesta:data_raw:grd-l1a-120519-120526_130628-blp2_pz::1.0
P,urn:nasa:pds:dawn-grand-vesta:data_raw:grd-l1a-120519-120526_130628-emg::1.0
P,urn:nasa:pds:dawn-grand-vesta:data_raw:grd-l1a-120519-120526_130628-emn::1.0
P,urn:nasa:pds:dawn-grand-vesta:data_raw:grd-l1a-120519-120526_130628-phos_mz::1.0
P,urn:nasa:pds:dawn-grand-vesta:data_raw:grd-l1a-120519-120526_130628-phos_pz::1.0
P,urn:nasa:pds:dawn-grand-vesta:data_raw:grd-l1a-120519-120526_130628-rdg::1.0
P,urn:nasa:pds:dawn-grand-vesta:data_raw:grd-l1a-120519-120526_130628-sci-scl::1.0
P,urn:nasa:pds:dawn-grand-vesta:data_raw:grd-l1a-120519-120526_130628-soh-scl::1.0
P,urn:nasa:pds:dawn-grand-vesta:data_raw:grd-l1a-120519-120526_130628-sta::1.0
P,urn:nasa:pds:dawn-grand-vesta:data_raw:grd-l1a-120526-120602_130628-bgo2_my::1.0
P,urn:nasa:pds:dawn-grand-vesta:data_raw:grd-l1a-120526-120602_130628-bgo2_mz::1.0
P,urn:nasa:pds:dawn-grand-vesta:data_raw:grd-l1a-120526-120602_130628-bgo2_py::1.0
P,urn:nasa:pds:dawn-grand-vesta:data_raw:grd-l1a-120526-120602_130628-bgo2_pz::1.0
P,urn:nasa:pds:dawn-grand-vesta:data_raw:grd-l1a-120526-120602_130628-bgo::1.0
P,urn:nasa:pds:dawn-grand-vesta:data_raw:grd-l1a-120526-120602_130628-blp2_my::1.0
P,urn:nasa:pds:dawn-grand-vesta:data_raw:grd-l1a-120526-120602_130628-blp2_mz::1.0
P,urn:nasa:pds:dawn-grand-vesta:data_raw:grd-l1a-120526-120602_130628-blp2_py::1.0
P,urn:nasa:pds:dawn-grand-vesta:data_raw:grd-l1a-120526-120602_130628-blp2_pz::1.0
P,urn:nasa:pds:dawn-grand-vesta:data_raw:grd-l1a-120526-120602_130628-emg::1.0
P,urn:nasa:pds:dawn-grand-vesta:data_raw:grd-l1a-120526-120602_130628-emn::1.0
P,urn:nasa:pds:dawn-grand-vesta:data_raw:grd-l1a-120526-120602_130628-phos_mz::1.0
P,urn:nasa:pds:dawn-grand-vesta:data_raw:grd-l1a-120526-120602_130628-phos_pz::1.0
P,urn:nasa:pds:dawn-grand-vesta:data_raw:grd-l1a-120526-120602_130628-rdg::1.0
P,urn:nasa:pds:dawn-grand-vesta:data_raw:grd-l1a-120526-120602_130628-sci-scl::1.0
P,urn:nasa:pds:dawn-grand-vesta:data_raw:grd-l1a-120526-120602_130628-soh-scl::1.0
P,urn:nasa:pds:dawn-grand-vesta:data_raw:grd-l1a-120526-120602_130628-sta::1.0
P,urn:nasa:pds:dawn-grand-vesta:data_raw:grd-l1a-120602-120609_130628-bgo2_my::1.0
P,urn:nasa:pds:dawn-grand-vesta:data_raw:grd-l1a-120602-120609_130628-bgo2_mz::1.0
P,urn:nasa:pds:dawn-grand-vesta:data_raw:grd-l1a-120602-120609_130628-bgo2_py::1.0
P,urn:nasa:pds:dawn-grand-vesta:data_raw:grd-l1a-120602-120609_130628-bgo2_pz::1.0
P,urn:nasa:pds:dawn-grand-vesta:data_raw:grd-l1a-120602-120609_130628-bgo::1.0
P,urn:nasa:pds:dawn-grand-vesta:data_raw:grd-l1a-120602-120609_130628-blp2_my::1.0
P,urn:nasa:pds:dawn-grand-vesta:data_raw:grd-l1a-120602-120609_130628-blp2_mz::1.0
P,urn:nasa:pds:dawn-grand-vesta:data_raw:grd-l1a-120602-120609_130628-blp2_py::1.0
P,urn:nasa:pds:dawn-grand-vesta:data_raw:grd-l1a-120602-120609_130628-blp2_pz::1.0
P,urn:nasa:pds:dawn-grand-vesta:data_raw:grd-l1a-120602-120609_130628-emg::1.0
P,urn:nasa:pds:dawn-grand-vesta:data_raw:grd-l1a-120602-120609_130628-emn::1.0
P,urn:nasa:pds:dawn-grand-vesta:data_raw:grd-l1a-120602-120609_130628-phos_mz::1.0
P,urn:nasa:pds:dawn-grand-vesta:data_raw:grd-l1a-120602-120609_130628-phos_pz::1.0
P,urn:nasa:pds:dawn-grand-vesta:data_raw:grd-l1a-120602-120609_130628-rdg::1.0
P,urn:nasa:pds:dawn-grand-vesta:data_raw:grd-l1a-120602-120609_130628-sci-scl::1.0
P,urn:nasa:pds:dawn-grand-vesta:data_raw:grd-l1a-120602-120609_130628-soh-scl::1.0
P,urn:nasa:pds:dawn-grand-vesta:data_raw:grd-l1a-120602-120609_130628-sta::1.0
P,urn:nasa:pds:dawn-grand-vesta:data_raw:grd-l1a-120609-120616_130628-bgo2_my::1.0
P,urn:nasa:pds:dawn-grand-vesta:data_raw:grd-l1a-120609-120616_130628-bgo2_mz::1.0
P,urn:nasa:pds:dawn-grand-vesta:data_raw:grd-l1a-120609-120616_130628-bgo2_py::1.0
P,urn:nasa:pds:dawn-grand-vesta:data_raw:grd-l1a-120609-120616_130628-bgo2_pz::1.0
P,urn:nasa:pds:dawn-grand-vesta:data_raw:grd-l1a-120609-120616_130628-bgo::1.0
P,urn:nasa:pds:dawn-grand-vesta:data_raw:grd-l1a-120609-120616_130628-blp2_my::1.0
P,urn:nasa:pds:dawn-grand-vesta:data_raw:grd-l1a-120609-120616_130628-blp2_mz::1.0
P,urn:nasa:pds:dawn-grand-vesta:data_raw:grd-l1a-120609-120616_130628-blp2_py::1.0
P,urn:nasa:pds:dawn-grand-vesta:data_raw:grd-l1a-120609-120616_130628-blp2_pz::1.0
P,urn:nasa:pds:dawn-grand-vesta:data_raw:grd-l1a-120609-120616_130628-emg::1.0
P,urn:nasa:pds:dawn-grand-vesta:data_raw:grd-l1a-120609-120616_130628-emn::1.0
P,urn:nasa:pds:dawn-grand-vesta:data_raw:grd-l1a-120609-120616_130628-phos_mz::1.0
P,urn:nasa:pds:dawn-grand-vesta:data_raw:grd-l1a-120609-120616_130628-phos_pz::1.0
P,urn:nasa:pds:dawn-grand-vesta:data_raw:grd-l1a-120609-120616_130628-rdg::1.0
P,urn:nasa:pds:dawn-grand-vesta:data_raw:grd-l1a-120609-120616_130628-sci-scl::1.0
P,urn:nasa:pds:dawn-grand-vesta:data_raw:grd-l1a-120609-120616_130628-soh-scl::1.0
P,urn:nasa:pds:dawn-grand-vesta:data_raw:grd-l1a-120609-120616_130628-sta::1.0
P,urn:nasa:pds:dawn-grand-vesta:data_raw:grd-l1a-120615-120620_130628-bgo2_my::1.0
P,urn:nasa:pds:dawn-grand-vesta:data_raw:grd-l1a-120615-120620_130628-bgo2_mz::1.0
P,urn:nasa:pds:dawn-grand-vesta:data_raw:grd-l1a-120615-120620_130628-bgo2_py::1.0
P,urn:nasa:pds:dawn-grand-vesta:data_raw:grd-l1a-120615-120620_130628-bgo2_pz::1.0
P,urn:nasa:pds:dawn-grand-vesta:data_raw:grd-l1a-120615-120620_130628-bgo::1.0
P,urn:nasa:pds:dawn-grand-vesta:data_raw:grd-l1a-120615-120620_130628-blp2_my::1.0
P,urn:nasa:pds:dawn-grand-vesta:data_raw:grd-l1a-120615-120620_130628-blp2_mz::1.0
P,urn:nasa:pds:dawn-grand-vesta:data_raw:grd-l1a-120615-120620_130628-blp2_py::1.0
P,urn:nasa:pds:dawn-grand-vesta:data_raw:grd-l1a-120615-120620_130628-blp2_pz::1.0
P,urn:nasa:pds:dawn-grand-vesta:data_raw:grd-l1a-120615-120620_130628-emg::1.0
P,urn:nasa:pds:dawn-grand-vesta:data_raw:grd-l1a-120615-120620_130628-emn::1.0
P,urn:nasa:pds:dawn-grand-vesta:data_raw:grd-l1a-120615-120620_130628-phos_mz::1.0
P,urn:nasa:pds:dawn-grand-vesta:data_raw:grd-l1a-120615-120620_130628-phos_pz::1.0
P,urn:nasa:pds:dawn-grand-vesta:data_raw:grd-l1a-120615-120620_130628-rdg::1.0
P,urn:nasa:pds:dawn-grand-vesta:data_raw:grd-l1a-120615-120620_130628-sci-scl::1.0
P,urn:nasa:pds:dawn-grand-vesta:data_raw:grd-l1a-120615-120620_130628-soh-scl::1.0
P,urn:nasa:pds:dawn-grand-vesta:data_raw:grd-l1a-120615-120620_130628-sta::1.0
P,urn:nasa:pds:dawn-grand-vesta:data_raw:grd-l1a-120620-120624_130628-bgo2_my::1.0
P,urn:nasa:pds:dawn-grand-vesta:data_raw:grd-l1a-120620-120624_130628-bgo2_mz::1.0
P,urn:nasa:pds:dawn-grand-vesta:data_raw:grd-l1a-120620-120624_130628-bgo2_py::1.0
P,urn:nasa:pds:dawn-grand-vesta:data_raw:grd-l1a-120620-120624_130628-bgo2_pz::1.0
P,urn:nasa:pds:dawn-grand-vesta:data_raw:grd-l1a-120620-120624_130628-bgo::1.0
P,urn:nasa:pds:dawn-grand-vesta:data_raw:grd-l1a-120620-120624_130628-blp2_my::1.0
P,urn:nasa:pds:dawn-grand-vesta:data_raw:grd-l1a-120620-120624_130628-blp2_mz::1.0
P,urn:nasa:pds:dawn-grand-vesta:data_raw:grd-l1a-120620-120624_130628-blp2_py::1.0
P,urn:nasa:pds:dawn-grand-vesta:data_raw:grd-l1a-120620-120624_130628-blp2_pz::1.0
P,urn:nasa:pds:dawn-grand-vesta:data_raw:grd-l1a-120620-120624_130628-emg::1.0
P,urn:nasa:pds:dawn-grand-vesta:data_raw:grd-l1a-120620-120624_130628-emn::1.0
P,urn:nasa:pds:dawn-grand-vesta:data_raw:grd-l1a-120620-120624_130628-phos_mz::1.0
P,urn:nasa:pds:dawn-grand-vesta:data_raw:grd-l1a-120620-120624_130628-phos_pz::1.0
P,urn:nasa:pds:dawn-grand-vesta:data_raw:grd-l1a-120620-120624_130628-rdg::1.0
P,urn:nasa:pds:dawn-grand-vesta:data_raw:grd-l1a-120620-120624_130628-sci-scl::1.0
P,urn:nasa:pds:dawn-grand-vesta:data_raw:grd-l1a-120620-120624_130628-soh-scl::1.0
P,urn:nasa:pds:dawn-grand-vesta:data_raw:grd-l1a-120620-120624_130628-sta::1.0
P,urn:nasa:pds:dawn-grand-vesta:data_raw:grd-l1a-120624-120629_130628-bgo2_my::1.0
P,urn:nasa:pds:dawn-grand-vesta:data_raw:grd-l1a-120624-120629_130628-bgo2_mz::1.0
P,urn:nasa:pds:dawn-grand-vesta:data_raw:grd-l1a-120624-120629_130628-bgo2_py::1.0
P,urn:nasa:pds:dawn-grand-vesta:data_raw:grd-l1a-120624-120629_130628-bgo2_pz::1.0
P,urn:nasa:pds:dawn-grand-vesta:data_raw:grd-l1a-120624-120629_130628-bgo::1.0
P,urn:nasa:pds:dawn-grand-vesta:data_raw:grd-l1a-120624-120629_130628-blp2_my::1.0
P,urn:nasa:pds:dawn-grand-vesta:data_raw:grd-l1a-120624-120629_130628-blp2_mz::1.0
P,urn:nasa:pds:dawn-grand-vesta:data_raw:grd-l1a-120624-120629_130628-blp2_py::1.0
P,urn:nasa:pds:dawn-grand-vesta:data_raw:grd-l1a-120624-120629_130628-blp2_pz::1.0
P,urn:nasa:pds:dawn-grand-vesta:data_raw:grd-l1a-120624-120629_130628-emg::1.0
P,urn:nasa:pds:dawn-grand-vesta:data_raw:grd-l1a-120624-120629_130628-emn::1.0
P,urn:nasa:pds:dawn-grand-vesta:data_raw:grd-l1a-120624-120629_130628-phos_mz::1.0
P,urn:nasa:pds:dawn-grand-vesta:data_raw:grd-l1a-120624-120629_130628-phos_pz::1.0
P,urn:nasa:pds:dawn-grand-vesta:data_raw:grd-l1a-120624-120629_130628-rdg::1.0
P,urn:nasa:pds:dawn-grand-vesta:data_raw:grd-l1a-120624-120629_130628-sci-scl::1.0
P,urn:nasa:pds:dawn-grand-vesta:data_raw:grd-l1a-120624-120629_130628-soh-scl::1.0
P,urn:nasa:pds:dawn-grand-vesta:data_raw:grd-l1a-120624-120629_130628-sta::1.0
P,urn:nasa:pds:dawn-grand-vesta:data_raw:grd-l1a-120629-120703_130628-bgo2_my::1.0
P,urn:nasa:pds:dawn-grand-vesta:data_raw:grd-l1a-120629-120703_130628-bgo2_mz::1.0
P,urn:nasa:pds:dawn-grand-vesta:data_raw:grd-l1a-120629-120703_130628-bgo2_py::1.0
P,urn:nasa:pds:dawn-grand-vesta:data_raw:grd-l1a-120629-120703_130628-bgo2_pz::1.0
P,urn:nasa:pds:dawn-grand-vesta:data_raw:grd-l1a-120629-120703_130628-bgo::1.0
P,urn:nasa:pds:dawn-grand-vesta:data_raw:grd-l1a-120629-120703_130628-blp2_my::1.0
P,urn:nasa:pds:dawn-grand-vesta:data_raw:grd-l1a-120629-120703_130628-blp2_mz::1.0
P,urn:nasa:pds:dawn-grand-vesta:data_raw:grd-l1a-120629-120703_130628-blp2_py::1.0
P,urn:nasa:pds:dawn-grand-vesta:data_raw:grd-l1a-120629-120703_130628-blp2_pz::1.0
P,urn:nasa:pds:dawn-grand-vesta:data_raw:grd-l1a-120629-120703_130628-emg::1.0
P,urn:nasa:pds:dawn-grand-vesta:data_raw:grd-l1a-120629-120703_130628-emn::1.0
P,urn:nasa:pds:dawn-grand-vesta:data_raw:grd-l1a-120629-120703_130628-phos_mz::1.0
P,urn:nasa:pds:dawn-grand-vesta:data_raw:grd-l1a-120629-120703_130628-phos_pz::1.0
P,urn:nasa:pds:dawn-grand-vesta:data_raw:grd-l1a-120629-120703_130628-rdg::1.0
P,urn:nasa:pds:dawn-grand-vesta:data_raw:grd-l1a-120629-120703_130628-sci-scl::1.0
P,urn:nasa:pds:dawn-grand-vesta:data_raw:grd-l1a-120629-120703_130628-soh-scl::1.0
P,urn:nasa:pds:dawn-grand-vesta:data_raw:grd-l1a-120629-120703_130628-sta::1.0
P,urn:nasa:pds:dawn-grand-vesta:data_raw:grd-l1a-120703-120709_130628-bgo2_my::1.0
P,urn:nasa:pds:dawn-grand-vesta:data_raw:grd-l1a-120703-120709_130628-bgo2_mz::1.0
P,urn:nasa:pds:dawn-grand-vesta:data_raw:grd-l1a-120703-120709_130628-bgo2_py::1.0
P,urn:nasa:pds:dawn-grand-vesta:data_raw:grd-l1a-120703-120709_130628-bgo2_pz::1.0
P,urn:nasa:pds:dawn-grand-vesta:data_raw:grd-l1a-120703-120709_130628-bgo::1.0
P,urn:nasa:pds:dawn-grand-vesta:data_raw:grd-l1a-120703-120709_130628-blp2_my::1.0
P,urn:nasa:pds:dawn-grand-vesta:data_raw:grd-l1a-120703-120709_130628-blp2_mz::1.0
P,urn:nasa:pds:dawn-grand-vesta:data_raw:grd-l1a-120703-120709_130628-blp2_py::1.0
P,urn:nasa:pds:dawn-grand-vesta:data_raw:grd-l1a-120703-120709_130628-blp2_pz::1.0
P,urn:nasa:pds:dawn-grand-vesta:data_raw:grd-l1a-120703-120709_130628-emg::1.0
P,urn:nasa:pds:dawn-grand-vesta:data_raw:grd-l1a-120703-120709_130628-emn::1.0
P,urn:nasa:pds:dawn-grand-vesta:data_raw:grd-l1a-120703-120709_130628-phos_mz::1.0
P,urn:nasa:pds:dawn-grand-vesta:data_raw:grd-l1a-120703-120709_130628-phos_pz::1.0
P,urn:nasa:pds:dawn-grand-vesta:data_raw:grd-l1a-120703-120709_130628-rdg::1.0
P,urn:nasa:pds:dawn-grand-vesta:data_raw:grd-l1a-120703-120709_130628-sci-scl::1.0
P,urn:nasa:pds:dawn-grand-vesta:data_raw:grd-l1a-120703-120709_130628-soh-scl::1.0
P,urn:nasa:pds:dawn-grand-vesta:data_raw:grd-l1a-120703-120709_130628-sta::1.0
P,urn:nasa:pds:dawn-grand-vesta:data_raw:grd-l1a-120709-120714_130628-bgo2_my::1.0
P,urn:nasa:pds:dawn-grand-vesta:data_raw:grd-l1a-120709-120714_130628-bgo2_mz::1.0
P,urn:nasa:pds:dawn-grand-vesta:data_raw:grd-l1a-120709-120714_130628-bgo2_py::1.0
P,urn:nasa:pds:dawn-grand-vesta:data_raw:grd-l1a-120709-120714_130628-bgo2_pz::1.0
P,urn:nasa:pds:dawn-grand-vesta:data_raw:grd-l1a-120709-120714_130628-bgo::1.0
P,urn:nasa:pds:dawn-grand-vesta:data_raw:grd-l1a-120709-120714_130628-blp2_my::1.0
P,urn:nasa:pds:dawn-grand-vesta:data_raw:grd-l1a-120709-120714_130628-blp2_mz::1.0
P,urn:nasa:pds:dawn-grand-vesta:data_raw:grd-l1a-120709-120714_130628-blp2_py::1.0
P,urn:nasa:pds:dawn-grand-vesta:data_raw:grd-l1a-120709-120714_130628-blp2_pz::1.0
P,urn:nasa:pds:dawn-grand-vesta:data_raw:grd-l1a-120709-120714_130628-emg::1.0
P,urn:nasa:pds:dawn-grand-vesta:data_raw:grd-l1a-120709-120714_130628-emn::1.0
P,urn:nasa:pds:dawn-grand-vesta:data_raw:grd-l1a-120709-120714_130628-phos_mz::1.0
P,urn:nasa:pds:dawn-grand-vesta:data_raw:grd-l1a-120709-120714_130628-phos_pz::1.0
P,urn:nasa:pds:dawn-grand-vesta:data_raw:grd-l1a-120709-120714_130628-rdg::1.0
P,urn:nasa:pds:dawn-grand-vesta:data_raw:grd-l1a-120709-120714_130628-sci-scl::1.0
P,urn:nasa:pds:dawn-grand-vesta:data_raw:grd-l1a-120709-120714_130628-soh-scl::1.0
P,urn:nasa:pds:dawn-grand-vesta:data_raw:grd-l1a-120709-120714_130628-sta::1.0
P,urn:nasa:pds:dawn-grand-vesta:data_raw:grd-l1a-120714-120719_130628-bgo2_my::1.0
P,urn:nasa:pds:dawn-grand-vesta:data_raw:grd-l1a-120714-120719_130628-bgo2_mz::1.0
P,urn:nasa:pds:dawn-grand-vesta:data_raw:grd-l1a-120714-120719_130628-bgo2_py::1.0
P,urn:nasa:pds:dawn-grand-vesta:data_raw:grd-l1a-120714-120719_130628-bgo2_pz::1.0
P,urn:nasa:pds:dawn-grand-vesta:data_raw:grd-l1a-120714-120719_130628-bgo::1.0
P,urn:nasa:pds:dawn-grand-vesta:data_raw:grd-l1a-120714-120719_130628-blp2_my::1.0
P,urn:nasa:pds:dawn-grand-vesta:data_raw:grd-l1a-120714-120719_130628-blp2_mz::1.0
P,urn:nasa:pds:dawn-grand-vesta:data_raw:grd-l1a-120714-120719_130628-blp2_py::1.0
P,urn:nasa:pds:dawn-grand-vesta:data_raw:grd-l1a-120714-120719_130628-blp2_pz::1.0
P,urn:nasa:pds:dawn-grand-vesta:data_raw:grd-l1a-120714-120719_130628-emg::1.0
P,urn:nasa:pds:dawn-grand-vesta:data_raw:grd-l1a-120714-120719_130628-emn::1.0
P,urn:nasa:pds:dawn-grand-vesta:data_raw:grd-l1a-120714-120719_130628-phos_mz::1.0
P,urn:nasa:pds:dawn-grand-vesta:data_raw:grd-l1a-120714-120719_130628-phos_pz::1.0
P,urn:nasa:pds:dawn-grand-vesta:data_raw:grd-l1a-120714-120719_130628-rdg::1.0
P,urn:nasa:pds:dawn-grand-vesta:data_raw:grd-l1a-120714-120719_130628-sci-scl::1.0
P,urn:nasa:pds:dawn-grand-vesta:data_raw:grd-l1a-120714-120719_130628-soh-scl::1.0
P,urn:nasa:pds:dawn-grand-vesta:data_raw:grd-l1a-120714-120719_130628-sta::1.0
P,urn:nasa:pds:dawn-grand-vesta:data_raw:grd-l1a-120719-120725_130628-bgo2_my::1.0
P,urn:nasa:pds:dawn-grand-vesta:data_raw:grd-l1a-120719-120725_130628-bgo2_mz::1.0
P,urn:nasa:pds:dawn-grand-vesta:data_raw:grd-l1a-120719-120725_130628-bgo2_py::1.0
P,urn:nasa:pds:dawn-grand-vesta:data_raw:grd-l1a-120719-120725_130628-bgo2_pz::1.0
P,urn:nasa:pds:dawn-grand-vesta:data_raw:grd-l1a-120719-120725_130628-bgo::1.0
P,urn:nasa:pds:dawn-grand-vesta:data_raw:grd-l1a-120719-120725_130628-blp2_my::1.0
P,urn:nasa:pds:dawn-grand-vesta:data_raw:grd-l1a-120719-120725_130628-blp2_mz::1.0
P,urn:nasa:pds:dawn-grand-vesta:data_raw:grd-l1a-120719-120725_130628-blp2_py::1.0
P,urn:nasa:pds:dawn-grand-vesta:data_raw:grd-l1a-120719-120725_130628-blp2_pz::1.0
P,urn:nasa:pds:dawn-grand-vesta:data_raw:grd-l1a-120719-120725_130628-emg::1.0
P,urn:nasa:pds:dawn-grand-vesta:data_raw:grd-l1a-120719-120725_130628-emn::1.0
P,urn:nasa:pds:dawn-grand-vesta:data_raw:grd-l1a-120719-120725_130628-phos_mz::1.0
P,urn:nasa:pds:dawn-grand-vesta:data_raw:grd-l1a-120719-120725_130628-phos_pz::1.0
P,urn:nasa:pds:dawn-grand-vesta:data_raw:grd-l1a-120719-120725_130628-rdg::1.0
P,urn:nasa:pds:dawn-grand-vesta:data_raw:grd-l1a-120719-120725_130628-sci-scl::1.0
P,urn:nasa:pds:dawn-grand-vesta:data_raw:grd-l1a-120719-120725_130628-soh-scl::1.0
P,urn:nasa:pds:dawn-grand-vesta:data_raw:grd-l1a-120719-120725_130628-sta::1.0
P,urn:nasa:pds:dawn-grand-vesta:data_raw:grd-l1a-120725-120801_130718-bgo2_my::1.0
P,urn:nasa:pds:dawn-grand-vesta:data_raw:grd-l1a-120725-120801_130718-bgo2_mz::1.0
P,urn:nasa:pds:dawn-grand-vesta:data_raw:grd-l1a-120725-120801_130718-bgo2_py::1.0
P,urn:nasa:pds:dawn-grand-vesta:data_raw:grd-l1a-120725-120801_130718-bgo2_pz::1.0
P,urn:nasa:pds:dawn-grand-vesta:data_raw:grd-l1a-120725-120801_130718-bgo::1.0
P,urn:nasa:pds:dawn-grand-vesta:data_raw:grd-l1a-120725-120801_130718-blp2_my::1.0
P,urn:nasa:pds:dawn-grand-vesta:data_raw:grd-l1a-120725-120801_130718-blp2_mz::1.0
P,urn:nasa:pds:dawn-grand-vesta:data_raw:grd-l1a-120725-120801_130718-blp2_py::1.0
P,urn:nasa:pds:dawn-grand-vesta:data_raw:grd-l1a-120725-120801_130718-blp2_pz::1.0
P,urn:nasa:pds:dawn-grand-vesta:data_raw:grd-l1a-120725-120801_130718-emg::1.0
P,urn:nasa:pds:dawn-grand-vesta:data_raw:grd-l1a-120725-120801_130718-emn::1.0
P,urn:nasa:pds:dawn-grand-vesta:data_raw:grd-l1a-120725-120801_130718-phos_mz::1.0
P,urn:nasa:pds:dawn-grand-vesta:data_raw:grd-l1a-120725-120801_130718-phos_pz::1.0
P,urn:nasa:pds:dawn-grand-vesta:data_raw:grd-l1a-120725-120801_130718-rdg::1.0
P,urn:nasa:pds:dawn-grand-vesta:data_raw:grd-l1a-120725-120801_130718-sci-scl::1.0
P,urn:nasa:pds:dawn-grand-vesta:data_raw:grd-l1a-120725-120801_130718-soh-scl::1.0
P,urn:nasa:pds:dawn-grand-vesta:data_raw:grd-l1a-120725-120801_130718-sta::1.0
P,urn:nasa:pds:dawn-grand-vesta:data_raw:grd-l1a-120801-120808_130718-bgo2_my::1.0
P,urn:nasa:pds:dawn-grand-vesta:data_raw:grd-l1a-120801-120808_130718-bgo2_mz::1.0
P,urn:nasa:pds:dawn-grand-vesta:data_raw:grd-l1a-120801-120808_130718-bgo2_py::1.0
P,urn:nasa:pds:dawn-grand-vesta:data_raw:grd-l1a-120801-120808_130718-bgo2_pz::1.0
P,urn:nasa:pds:dawn-grand-vesta:data_raw:grd-l1a-120801-120808_130718-bgo::1.0
P,urn:nasa:pds:dawn-grand-vesta:data_raw:grd-l1a-120801-120808_130718-blp2_my::1.0
P,urn:nasa:pds:dawn-grand-vesta:data_raw:grd-l1a-120801-120808_130718-blp2_mz::1.0
P,urn:nasa:pds:dawn-grand-vesta:data_raw:grd-l1a-120801-120808_130718-blp2_py::1.0
P,urn:nasa:pds:dawn-grand-vesta:data_raw:grd-l1a-120801-120808_130718-blp2_pz::1.0
P,urn:nasa:pds:dawn-grand-vesta:data_raw:grd-l1a-120801-120808_130718-emg::1.0
P,urn:nasa:pds:dawn-grand-vesta:data_raw:grd-l1a-120801-120808_130718-emn::1.0
P,urn:nasa:pds:dawn-grand-vesta:data_raw:grd-l1a-120801-120808_130718-phos_mz::1.0
P,urn:nasa:pds:dawn-grand-vesta:data_raw:grd-l1a-120801-120808_130718-phos_pz::1.0
P,urn:nasa:pds:dawn-grand-vesta:data_raw:grd-l1a-120801-120808_130718-rdg::1.0
P,urn:nasa:pds:dawn-grand-vesta:data_raw:grd-l1a-120801-120808_130718-sci-scl::1.0
P,urn:nasa:pds:dawn-grand-vesta:data_raw:grd-l1a-120801-120808_130718-soh-scl::1.0
P,urn:nasa:pds:dawn-grand-vesta:data_raw:grd-l1a-120801-120808_130718-sta::1.0
P,urn:nasa:pds:dawn-grand-vesta:data_raw:grd-l1a-120808-120809_130718-bgo2_my::1.0
P,urn:nasa:pds:dawn-grand-vesta:data_raw:grd-l1a-120808-120809_130718-bgo2_mz::1.0
P,urn:nasa:pds:dawn-grand-vesta:data_raw:grd-l1a-120808-120809_130718-bgo2_py::1.0
P,urn:nasa:pds:dawn-grand-vesta:data_raw:grd-l1a-120808-120809_130718-bgo2_pz::1.0
P,urn:nasa:pds:dawn-grand-vesta:data_raw:grd-l1a-120808-120809_130718-bgo::1.0
P,urn:nasa:pds:dawn-grand-vesta:data_raw:grd-l1a-120808-120809_130718-blp2_my::1.0
P,urn:nasa:pds:dawn-grand-vesta:data_raw:grd-l1a-120808-120809_130718-blp2_mz::1.0
P,urn:nasa:pds:dawn-grand-vesta:data_raw:grd-l1a-120808-120809_130718-blp2_py::1.0
P,urn:nasa:pds:dawn-grand-vesta:data_raw:grd-l1a-120808-120809_130718-blp2_pz::1.0
P,urn:nasa:pds:dawn-grand-vesta:data_raw:grd-l1a-120808-120809_130718-emg::1.0
P,urn:nasa:pds:dawn-grand-vesta:data_raw:grd-l1a-120808-120809_130718-emn::1.0
P,urn:nasa:pds:dawn-grand-vesta:data_raw:grd-l1a-120808-120809_130718-phos_mz::1.0
P,urn:nasa:pds:dawn-grand-vesta:data_raw:grd-l1a-120808-120809_130718-phos_pz::1.0
P,urn:nasa:pds:dawn-grand-vesta:data_raw:grd-l1a-120808-120809_130718-rdg::1.0
P,urn:nasa:pds:dawn-grand-vesta:data_raw:grd-l1a-120808-120809_130718-sci-scl::1.0
P,urn:nasa:pds:dawn-grand-vesta:data_raw:grd-l1a-120808-120809_130718-soh-scl::1.0
P,urn:nasa:pds:dawn-grand-vesta:data_raw:grd-l1a-120808-120809_130718-sta::1.0