P,urn:nasa:pds:dawn-grand-ceres:browse:grd_hydrogen_map::1.0
P,urn:nasa:pds:dawn-grand-ceres:browse:grd_iron_gamma_counts_map::1.0
P,urn:nasa:pds:dawn-grand-ceres:browse:grd_iron_map::1.0
P,urn:nasa:pds:dawn-grand-ceres:browse:grd_l1a_150313_150319_report::1.0
P,urn:nasa:pds:dawn-grand-ceres:browse:grd_l1a_150319_150325_report::1.0
P,urn:nasa:pds:dawn-grand-ceres:browse:grd_l1a_150325_150331_report::1.0
P,urn:nasa:pds:dawn-grand-ceres:browse:grd_l1a_150331_150406_report::1.0
P,urn:nasa:pds:dawn-grand-ceres:browse:grd_l1a_150406_150412_report::1.0
P,urn:nasa:pds:dawn-grand-ceres:browse:grd_l1a_150412_150418_report::1.0
P,urn:nasa:pds:dawn-grand-ceres:browse:grd_l1a_150418_150424_report::1.0
P,urn:nasa:pds:dawn-grand-ceres:browse:grd_l1a_150424_150501_report::1.0
P,urn:nasa:pds:dawn-grand-ceres:browse:grd_l1a_150501_150508_report::1.0
P,urn:nasa:pds:dawn-grand-ceres:browse:grd_l1a_150508_150509_report::1.0
P,urn:nasa:pds:dawn-grand-ceres:browse:grd_l1a_150509_150516_report::1.0
P,urn:nasa:pds:dawn-grand-ceres:browse:grd_l1a_150516_150523_report::1.0
P,urn:nasa:pds:dawn-grand-ceres:browse:grd_l1a_150523_150530_report::1.0
P,urn:nasa:pds:dawn-grand-ceres:browse:grd_l1a_150530_150606_report::1.0
P,urn:nasa:pds:dawn-grand-ceres:browse:grd_l1a_150606_150613_report::1.0
P,urn:nasa:pds:dawn-grand-ceres:browse:grd_l1a_150613_150620_report::1.0
P,urn:nasa:pds:dawn-grand-ceres:browse:grd_l1a_150620_150627_report::1.0
P,urn:nasa:pds:dawn-grand-ceres:browse:grd_l1a_150627_150701_report::1.0
P,urn:nasa:pds:dawn-grand-ceres:browse:grd_l1a_150708_150715_report::1.0
P,urn:nasa:pds:dawn-grand-ceres:browse:grd_l1a_150715_150722_report::1.0
P,urn:nasa:pds:dawn-grand-ceres:browse:grd_l1a_150722_150729_report::1.0
P,urn:nasa:pds:dawn-grand-ceres:browse:grd_l1a_150729_150805_report::1.0
P,urn:nasa:pds:dawn-grand-ceres:browse:grd_l1a_150805_150812_report::1.0
P,urn:nasa:pds:dawn-grand-ceres:browse:grd_l1a_150812_150817_report::1.0
P,urn:nasa:pds:dawn-grand-ceres:browse:grd_l1a_150817_150818_report::1.0
P,urn:nasa:pds:dawn-grand-ceres:browse:grd_l1a_150818_150829_report::1.0
P,urn:nasa:pds:dawn-grand-ceres:browse:grd_l1a_150829_150909_report::1.0
P,urn:nasa:pds:dawn-grand-ceres:browse:grd_l1a_150909_150920_report::1.0
P,urn:nasa:pds:dawn-grand-ceres:browse:grd_l1a_150920_151001_report::1.0
P,urn:nasa:pds:dawn-grand-ceres:browse:grd_l1a_151001_151012_report::1.0
P,urn:nasa:pds:dawn-grand-ceres:browse:grd_l1a_151012_151023_report::1.0
P,urn:nasa:pds:dawn-grand-ceres:browse:grd_l1a_151022_151030_report::1.0
P,urn:nasa:pds:dawn-grand-ceres:browse:grd_l1a_151029_151105_report::1.0
P,urn:nasa:pds:dawn-grand-ceres:browse:grd_l1a_151105_151112_report::1.0
P,urn:nasa:pds:dawn-grand-ceres:browse:grd_l1a_151112_151119_report::1.0
P,urn:nasa:pds:dawn-grand-ceres:browse:grd_l1a_151119_151125_report::1.0
P,urn:nasa:pds:dawn-grand-ceres:browse:grd_l1a_151126_151202_report::1.0
P,urn:nasa:pds:dawn-grand-ceres:browse:grd_l1a_151203_151211_report::1.0
P,urn:nasa:pds:dawn-grand-ceres:browse:grd_l1a_151210_151216_report::1.0
P,urn:nasa:pds:dawn-grand-ceres:browse:grd_l1a_151216_151223_report::1.0
P,urn:nasa:pds:dawn-grand-ceres:browse:grd_l1a_151223_151230_report::1.0
P,urn:nasa:pds:dawn-grand-ceres:browse:grd_l1a_151230_160106_report::1.0
P,urn:nasa:pds:dawn-grand-ceres:browse:grd_l1a_160106_160113_report::1.0
P,urn:nasa:pds:dawn-grand-ceres:browse:grd_l1a_160113_160120_report::1.0
P,urn:nasa:pds:dawn-grand-ceres:browse:grd_l1a_160120_160127_report::1.0
P,urn:nasa:pds:dawn-grand-ceres:browse:grd_l1a_160127_160203_report::1.0
P,urn:nasa:pds:dawn-grand-ceres:browse:grd_l1a_160203_160210_report::1.0
P,urn:nasa:pds:dawn-grand-ceres:browse:grd_l1a_160210_160217_report::1.0
P,urn:nasa:pds:dawn-grand-ceres:browse:grd_l1a_160217_160224_report::1.0
P,urn:nasa:pds:dawn-grand-ceres:browse:grd_l1a_160224_160302_report::1.0
P,urn:nasa:pds:dawn-grand-ceres:browse:grd_l1a_160302_160309_report::1.0
P,urn:nasa:pds:dawn-grand-ceres:browse:grd_l1a_160309_160316_report::1.0
P,urn:nasa:pds:dawn-grand-ceres:browse:grd_l1a_160316_160323_report::1.0
P,urn:nasa:pds:dawn-grand-ceres:browse:grd_l1a_160323_160330_report::1.0
P,urn:nasa:pds:dawn-grand-ceres:browse:grd_l1a_160330_160406_report::1.0
P,urn:nasa:pds:dawn-grand-ceres:browse:grd_l1a_160406_160413_report::1.0
P,urn:nasa:pds:dawn-grand-ceres:browse:grd_l1a_160413_160420_report::1.0
P,urn:nasa:pds:dawn-grand-ceres:browse:grd_l1a_160420_160427_report::1.0
P,urn:nasa:pds:dawn-grand-ceres:browse:grd_l1a_160427_160504_report::1.0
P,urn:nasa:pds:dawn-grand-ceres:browse:grd_l1a_160504_160511_report::1.0
P,urn:nasa:pds:dawn-grand-ceres:browse:grd_l1a_160511_160518_report::1.0
P,urn:nasa:pds:dawn-grand-ceres:browse:grd_l1a_160518_160525_report::1.0
P,urn:nasa:pds:dawn-grand-ceres:browse:grd_l1a_160525_160601_report::1.0
P,urn:nasa:pds:dawn-grand-ceres:browse:grd_l1a_160601_160608_report::1.0
P,urn:nasa:pds:dawn-grand-ceres:browse:grd_l1a_160608_160615_report::1.0
P,urn:nasa:pds:dawn-grand-ceres:browse:grd_l1a_160615_160622_report::1.0
P,urn:nasa:pds:dawn-grand-ceres:browse:grd_l1a_160622_160629_170301::1.0
P,urn:nasa:pds:dawn-grand-ceres:browse:grd_l1a_160629_160706_170301::1.0
P,urn:nasa:pds:dawn-grand-ceres:browse:grd_l1a_160706_160713_170301::1.0
P,urn:nasa:pds:dawn-grand-ceres:browse:grd_l1a_160713_160720_170301::1.0
P,urn:nasa:pds:dawn-grand-ceres:browse:grd_l1a_160720_160727_170301::1.0
P,urn:nasa:pds:dawn-grand-ceres:browse:grd_l1a_160727_160803_170301::1.0
P,urn:nasa:pds:dawn-grand-ceres:browse:grd_l1a_160803_160810_170301::1.0
P,urn:nasa:pds:dawn-grand-ceres:browse:grd_l1a_160810_160817_170301::1.0
P,urn:nasa:pds:dawn-grand-ceres:browse:grd_l1a_160817_160824_170301::1.0
P,urn:nasa:pds:dawn-grand-ceres:browse:grd_l1a_160824_160831_170301::1.0
P,urn:nasa:pds:dawn-grand-ceres:browse:grd_l1a_160831_160907_170301::1.0
P,urn:nasa:pds:dawn-grand-ceres:browse:grd_l1a_160907_160914_170301::1.0
P,urn:nasa:pds:dawn-grand-ceres:browse:grd_l1a_160914_160921_170301::1.0
P,urn:nasa:pds:dawn-grand-ceres:browse:grd_l1a_160921_160928_170301::1.0
P,urn:nasa:pds:dawn-grand-ceres:browse:grd_l1a_160928_161005_170301::1.0
P,urn:nasa:pds:dawn-grand-ceres:browse:grd_l1a_161005_161012_170301::1.0
P,urn:nasa:pds:dawn-grand-ceres:browse:grd_l1a_161012_161019_170301::1.0
P,urn:nasa:pds:dawn-grand-ceres:browse:grd_l1a_161019_161026_170301::1.0
P,urn:nasa:pds:dawn-grand-ceres:browse:grd_l1a_161026_161102_170301::1.0
P,urn:nasa:pds:dawn-grand-ceres:browse:grd_l1a_161102_161109_l1a::1.0
P,urn:nasa:pds:dawn-grand-ceres:browse:grd_l1a_161109_161116_l1a::1.0
P,urn:nasa:pds:dawn-grand-ceres:browse:grd_l1a_161116_161123_l1a::1.0
P,urn:nasa:pds:dawn-grand-ceres:browse:grd_l1a_161123_161130_l1a::1.0
P,urn:nasa:pds:dawn-grand-ceres:browse:grd_l1a_161130_161207_l1a::1.0
P,urn:nasa:pds:dawn-grand-ceres:browse:grd_l1a_161207_161214_l1a::1.0
P,urn:nasa:pds:dawn-grand-ceres:browse:grd_l1a_161214_161221_l1a::1.0
P,urn:nasa:pds:dawn-grand-ceres:browse:grd_l1a_161221_161228_l1a::1.0
P,urn:nasa:pds:dawn-grand-ceres:browse:grd_l1a_161228_170104_l1a::1.0
P,urn:nasa:pds:dawn-grand-ceres:browse:grd_l1a_170104_170111_l1a::1.0
P,urn:nasa:pds:dawn-grand-ceres:browse:grd_l1a_170111_170114_l1a::1.0
P,urn:nasa:pds:dawn-grand-ceres:browse:grd_l1a_170126_170201_l1a::1.0
P,urn:nasa:pds:dawn-grand-ceres:browse:grd_l1a_170201_170208_l1a::1.0
P,urn:nasa:pds:dawn-grand-ceres:browse:grd_l1a_170208_170215_l1a::1.0
P,urn:nasa:pds:dawn-grand-ceres:browse:grd_l1a_170215_170222_l1a::1.0
P,urn:nasa:pds:dawn-grand-ceres:browse:grd_l1a_170222_170301_l1a::1.0
P,urn:nasa:pds:dawn-grand-ceres:browse:grd_l1a_170301_170308_l1a::1.0
P,urn:nasa:pds:dawn-grand-ceres:browse:grd_l1a_170308_170315_l1a::1.0
P,urn:nasa:pds:dawn-grand-ceres:browse:grd_l1a_170315_170322_l1a::1.0
P,urn:nasa:pds:dawn-grand-ceres:browse:grd_l1a_170322_170329_l1a::1.0
P,urn:nasa:pds:dawn-grand-ceres:browse:grd_l1a_170329_170405_l1a::1.0
P,urn:nasa:pds:dawn-grand-ceres:browse:grd_l1a_170405_170412_l1a::1.0
P,urn:nasa:pds:dawn-grand-ceres:browse:grd_l1a_170412_170419_l1a::1.0
P,urn:nasa:pds:dawn-grand-ceres:browse:grd_l1a_170419_170424_l1a::1.0
P,urn:nasa:pds:dawn-grand-ceres:browse:grd_l1a_170427_170503_l1a::1.0
P,urn:nasa:pds:dawn-grand-ceres:browse:grd_l1a_170503_170510_l1a::1.0
P,urn:nasa:pds:dawn-grand-ceres:browse:grd_l1a_170510_170517_l1a::1.0
P,urn:nasa:pds:dawn-grand-ceres:browse:grd_l1a_170517_170524_l1a::1.0
P,urn:nasa:pds:dawn-grand-ceres:browse:grd_l1a_170524_170531_l1a::1.0
P,urn:nasa:pds:dawn-grand-ceres:browse:grd_l1a_170531_170607_l1a::1.0
P,urn:nasa:pds:dawn-grand-ceres:browse:grd_l1a_170607_170614_l1a::1.0
P,urn:nasa:pds:dawn-grand-ceres:browse:grd_l1a_170614_170621_l1a::1.0
P,urn:nasa:pds:dawn-grand-ceres:browse:grd_l1a_170621_170628_l1a::1.0
P,urn:nasa:pds:dawn-grand-ceres:browse:grd_l1a_170628_170705_l1a::1.0
P,urn:nasa:pds:dawn-grand-ceres:browse:grd_l1a_170705_170712_report::1.0
P,urn:nasa:pds:dawn-grand-ceres:browse:grd_l1a_170712_170719_report::1.0
P,urn:nasa:pds:dawn-grand-ceres:browse:grd_l1a_170719_170726_report::1.0
P,urn:nasa:pds:dawn-grand-ceres:browse:grd_l1a_170726_170802_report::1.0
P,urn:nasa:pds:dawn-grand-ceres:browse:grd_l1a_170802_170809_report::1.0
P,urn:nasa:pds:dawn-grand-ceres:browse:grd_l1a_170809_170816_report::1.0
P,urn:nasa:pds:dawn-grand-ceres:browse:grd_l1a_170816_170823_report::1.0
P,urn:nasa:pds:dawn-grand-ceres:browse:grd_l1a_170823_170830_report::1.0
P,urn:nasa:pds:dawn-grand-ceres:browse:grd_l1a_170830_170906_report::1.0
P,urn:nasa:pds:dawn-grand-ceres:browse:grd_l1a_170906_170913_report::1.0
P,urn:nasa:pds:dawn-grand-ceres:browse:grd_l1a_170913_170920_report::1.0
P,urn:nasa:pds:dawn-grand-ceres:browse:grd_l1a_170920_170927_report::1.0
P,urn:nasa:pds:dawn-grand-ceres:browse:grd_l1a_170927_171004_report::1.0
P,urn:nasa:pds:dawn-grand-ceres:browse:grd_l1a_171004_171011_report::1.0
P,urn:nasa:pds:dawn-grand-ceres:browse:grd_l1a_171011_171018_report::1.0
P,urn:nasa:pds:dawn-grand-ceres:browse:grd_l1a_171018_171025_report::1.0
P,urn:nasa:pds:dawn-grand-ceres:browse:grd_l1a_171025_171031_report::1.0
P,urn:nasa:pds:dawn-grand-ceres:browse:grd_l1a_171101_171108_report::1.0
P,urn:nasa:pds:dawn-grand-ceres:browse:grd_l1a_171108_171115_report::1.0
P,urn:nasa:pds:dawn-grand-ceres:browse:grd_l1a_171115_171122_report::1.0
P,urn:nasa:pds:dawn-grand-ceres:browse:grd_l1a_171122_171129_report::1.0
P,urn:nasa:pds:dawn-grand-ceres:browse:grd_l1a_171129_171206_report::1.0
P,urn:nasa:pds:dawn-grand-ceres:browse:grd_l1a_171206_171213_report::1.0
P,urn:nasa:pds:dawn-grand-ceres:browse:grd_l1a_171213_171220_report::1.0
P,urn:nasa:pds:dawn-grand-ceres:browse:grd_l1a_171220_171227_report::1.0
P,urn:nasa:pds:dawn-grand-ceres:browse:grd_l1a_171227_180103_report::1.0
P,urn:nasa:pds:dawn-grand-ceres:browse:grd_l1a_180103_180110_report::1.0
P,urn:nasa:pds:dawn-grand-ceres:browse:grd_l1a_180110_180117_report::1.0
P,urn:nasa:pds:dawn-grand-ceres:browse:grd_l1a_180117_180124_report::1.0
P,urn:nasa:pds:dawn-grand-ceres:browse:grd_l1a_180124_180131_report::1.0
P,urn:nasa:pds:dawn-grand-ceres:browse:grd_l1a_180131_180207_report::1.0
P,urn:nasa:pds:dawn-grand-ceres:browse:grd_l1a_180207_180214_report::1.0
P,urn:nasa:pds:dawn-grand-ceres:browse:grd_l1a_180214_180221_report::1.0
P,urn:nasa:pds:dawn-grand-ceres:browse:grd_l1a_180221_180228_report::1.0
P,urn:nasa:pds:dawn-grand-ceres:browse:grd_l1a_180228_180307_report::1.0
P,urn:nasa:pds:dawn-grand-ceres:browse:grd_l1a_180307_180314_report::1.0
P,urn:nasa:pds:dawn-grand-ceres:browse:grd_l1a_180314_180321_report::1.0
P,urn:nasa:pds:dawn-grand-ceres:browse:grd_l1a_180321_180328_report::1.0
P,urn:nasa:pds:dawn-grand-ceres:browse:grd_l1a_180328_180404_report::1.0
P,urn:nasa:pds:dawn-grand-ceres:browse:grd_l1a_180404_180411_report::1.0
P,urn:nasa:pds:dawn-grand-ceres:browse:grd_l1a_180411_180418_report::1.0
P,urn:nasa:pds:dawn-grand-ceres:browse:grd_l1a_180418_180425_report::1.0
P,urn:nasa:pds:dawn-grand-ceres:browse:grd_l1a_180425_180502_report::1.0
P,urn:nasa:pds:dawn-grand-ceres:browse:grd_l1a_180502_180509_report::1.0
P,urn:nasa:pds:dawn-grand-ceres:browse:grd_l1a_180509_180516_report::1.0
P,urn:nasa:pds:dawn-grand-ceres:browse:grd_l1a_180516_180523_report::1.0
P,urn:nasa:pds:dawn-grand-ceres:browse:grd_l1a_180523_180530_report::1.0
P,urn:nasa:pds:dawn-grand-ceres:browse:grd_l1a_180606_180613_report::1.0
P,urn:nasa:pds:dawn-grand-ceres:browse:grd_l1a_180613_180620_report::1.0
P,urn:nasa:pds:dawn-grand-ceres:browse:grd_l1a_180620_180627_report::1.0
P,urn:nasa:pds:dawn-grand-ceres:browse:grd_l1a_180627_180704_report::1.0
P,urn:nasa:pds:dawn-grand-ceres:browse:grd_l1a_180704_180711_report::1.0
P,urn:nasa:pds:dawn-grand-ceres:browse:grd_l1a_180711_180718_report::1.0
P,urn:nasa:pds:dawn-grand-ceres:browse:grd_l1a_180718_180725_report::1.0
P,urn:nasa:pds:dawn-grand-ceres:browse:grd_l1a_180725_180801_report::1.0
P,urn:nasa:pds:dawn-grand-ceres:browse:grd_l1a_180801_180808_report::1.0
P,urn:nasa:pds:dawn-grand-ceres:browse:grd_l1a_180808_180815_report::1.0
P,urn:nasa:pds:dawn-grand-ceres:browse:grd_l1a_180815_180822_report::1.0
P,urn:nasa:pds:dawn-grand-ceres:browse:grd_l1a_180822_180829_report::1.0
P,urn:nasa:pds:dawn-grand-ceres:browse:grd_l1a_180829_180905_report::1.0
P,urn:nasa:pds:dawn-grand-ceres:browse:grd_l1a_180905_180912_report::1.0
P,urn:nasa:pds:dawn-grand-ceres:browse:grd_l1a_180912_180919_report::1.0
P,urn:nasa:pds:dawn-grand-ceres:browse:grd_l1a_180919_180926_report::1.0
P,urn:nasa:pds:dawn-grand-ceres:browse:grd_l1a_180926_181003_report::1.0
P,urn:nasa:pds:dawn-grand-ceres:browse:grd_l1a_181003_181010_report::1.0
P,urn:nasa:pds:dawn-grand-ceres:browse:grd_l1a_181010_181017_report::1.0
P,urn:nasa:pds:dawn-grand-ceres:browse:grd_l1a_181017_181024_report::1.0
P,urn:nasa:pds:dawn-grand-ceres:browse:grd_l1a_181024_181026_report::1.0
P,urn:nasa:pds:dawn-grand-ceres:browse:grd_smoothed_hydrogen_map::1.0
P,urn:nasa:pds:dawn-grand-ceres:browse:grd_tpe_neutron_counts_map::1.0
P,urn:nasa:pds:dawn-grand-ceres:document:dawn_grand_ceres_encounter_timeline.pdf::1.0
P,urn:nasa:pds:dawn-grand-ceres:document:dawn_grand_ceres_gamma_ray_spectra_by_subphase.pdf::1.0
